name,x,y
sourcebus,0,0
temp,15.9841854807,28.7947880897
temp2,0,0
aggld,0,0
0x0089f0c8,15.9841854807,28.7947880897
0x008f0780,19.2578241073,6.13154834974
0x008d8138,16.8988356321,6.08501219883
0x008ddcf8,19.4365054552,18.1026656775
0x008ddb40,18.6519268878,18.2052533585
0x008cd1c0,20.291401532,15.2681639991
0x008dcbc8,20.0771406271,15.0066938164
0x008e1248,19.6505922349,17.4571066768
0x008deac0,19.6435111485,17.8855555434
0x008f3280,17.7602904201,12.6918210434
0x008f37a8,18.0314612037,12.9522910301
0x008db8d8,12.394103857,16.5581466429
0x008d9678,9.48226826856,15.1115386966
0x008e5278,17.7514390621,15.067259745
0x008cd6e8,25.6231403511,7.57954846089
0x008f0ca8,26.9207784521,7.5887259359
0x008e74d8,15.4233287669,14.3718531333
0x008f2308,15.397529235,14.6424737587
0x008dd0f0,20.0891552573,14.6426494688
0x008e0640,19.0918248691,17.9558260774
0x008e9e18,19.9782666053,17.0145199032
0x008dbc48,19.98322917,16.6603829035
0x008ce818,10.0848280908,13.9517167073
0x008dd7d0,11.9151438172,14.9440734309
0x008d2618,14.3907960927,15.5945793475
0x008cc5b8,15.397529235,14.6424737587
0x008cf5d8,25.9049037433,8.191884731769999
0x008dc4e8,28.3093678839,8.183531742730001
0x008d5ed8,27.4169768743,7.5887259359
0x0089ccb0,26.9207784521,7.5887259359
0x008d2460,28.4059202381,7.6859476999
0x008e44b8,16.9509280504,16.5558488951
0x008ce2f0,25.174913387,6.92701511978
0x008d89d0,15.4701684121,5.19516205912
0x008d1858,15.437432898,4.36502632971
0x008d22a8,18.686519736,12.6003706812
0x008c3a80,20.0944370513,14.4820098657
0x008d0708,21.51825779,13.0093022077
0x008d5640,20.0944370513,14.4820098657
0x008cf420,20.2562282668,15.4020145662
0x008dbfb8,19.9876403385,16.3449832284
0x008db720,24.0052572162,16.0992999246
0x008996e0,12.2817931836,4.07542901071
0x008d9830,11.8153121076,3.86323876004
0x008d9ba0,11.835365512,3.60910785405
0x008db040,12.8386451737,2.30963686352
0x008c2120,13.7846667064,1.84203167132
0x008dec78,15.4701684121,3.86799644959
0x008e8298,15.4701393913,3.75243325173
0x008db568,12.1658549045,2.85654138693
0x008f11d8,19.5154711767,6.24329998949
0x008e1928,19.7584917398,6.73551811541
0x008e3358,19.4182513431,5.32238970607
0x008c8b48,25.1179454666,6.24816580835
0x008e6560,17.6055512701,18.2049424867
0x008e6a88,16.8598316153,18.2047127119
0x008e7168,15.9780041935,18.2044559048
0x008e8ce8,18.4087031788,18.2051857776
0x008ea4f8,15.742412967,17.9121553531
0x008de228,24.4482314071,16.5524022734
0x008c4bb0,25.1341971403,16.5596604532
0x008c5290,25.8540011797,16.5672835694
0x008f18b8,26.3764634674,16.5675133442
0x008efb78,20.7777038458,6.13700887979
0x008e7690,18.7072696408,19.5997835268
0x008ddeb0,21.0682605543,19.579293023
0x008c9070,25.6698639129,15.0837359483
0x008de908,25.3033886716,15.0956436883
0x008ca6c8,26.7897203122,14.699539001
0x008e2598,19.1543067502,5.24590173687
0x008dff60,19.5006415245,11.5038584017
0x008e4d50,19.5101893827,11.7583542441
0x008db1f8,24.6350385918,16.09924586
0x008dc858,22.4732177433,13.0093022077
0x008cada8,24.0359032294,13.0093022077
0x008b87e8,24.5513714932,13.0286168054
0x008c6fc8,22.0061562503,6.74293848917
0x008e1ae0,21.9920521192,7.93471268899
0x008c6050,19.491877229,11.9092892419
0x008c68e8,17.7732337174,11.969895719
0x008e09b0,18.8239044203,17.9931306886
0x008e93c8,18.34183915,17.6973024182
0x008ea868,17.604245332,17.1079436253
0x008e4f08,24.821758714,13.0789509982
0x008e8b30,26.7618603002,13.2923441874
0x008eabd8,16.7613058437,17.1183510712
0x008eb100,15.9184534179,17.1287585171
0x008d0c30,15.6752877506,17.787725552
0x008d9f10,15.4701684121,3.98354613129
0x008c8eb8,21.9914717023,8.05760164746
0x008d6770,25.7743969996,15.9142906787
0x008c3030,15.6752877506,17.787725552
0x008e1770,18.8286928598,18.0488172822
0x008f1548,16.227351301,18.0973132768
0x008d76e8,23.5718308835,6.34249511337
0x008d1330,23.5784186155,7.46845911314
0x008d2b40,18.5870943182,12.5735816452
0x008d3ac0,16.0504692456,12.8229548616
0x0089d700,23.0980655751,15.6010400736
0x0089e4c0,24.412854996,15.5982962924
0x008e0d20,19.107467105,17.9983208954
0x008dfbf0,20.5517185192,17.3949052924
0x008d0398,21.077924496,17.396770523
0x008c7338,22.0044149995,16.8666125261
0x008f3960,21.8460192229,16.6231053246
0x008ceb88,22.992110467,16.531371123
0x008d33e0,14.1229917273,11.5589097356
0x008d3598,9.88333635811,11.5671410792
0x008dd988,9.93107564952,12.5682292445
0x008d9d58,24.8231226937,12.9967051433
0x008cc090,28.6415695063,12.2298520914
0x008cd530,29.5607177358,11.459241546
0x008cdc10,29.5322482861,11.0467417524
0x008e07f8,17.7355066178,11.5518948468
0x008d4510,15.9850852799,11.5552874038
0x008e2c78,19.4237653038,5.26405394444
0x008b8d10,26.0534324324,5.8416671913
0x008d5118,26.543913748,5.19502689748
0x008c5ce0,26.5381385996,4.66934275075
0x008d1f38,21.4851740257,9.21477446874
0x008c4688,22.2414572684,10.4564908927
0x008dd618,23.5886339532,9.21477446874
0x008ce138,29.5289108888,10.2767394344
0x0089e150,29.5151840287,10.7992472827
0x008c80f8,29.5151840287,10.7992472827
0x008f2830,21.8539999555,5.8040517083
0x008de3e0,23.5558984391,5.97626114737
0x008da7a8,29.482187327,9.588901874219999
0x008ef498,20.7931139149,6.1785440502
0x008d01e0,28.4872946898,9.566194719549999
0x008de598,9.94584726005,12.8220087302
0x008ea6b0,14.6683514623,12.822738603
0x008c44d0,15.4644513055,12.822738603
0x008f3b18,15.4644513055,12.822738603
0x008cd8a0,14.2729134169,12.8226710222
0x008c5970,25.6162914314,16.2883505034
0x008ca358,27.623924526,15.3256347263
0x008eb470,26.5498630213,5.73609243826
0x008c2648,23.245868743,16.5273027578
0x008c3558,22.992110467,16.531371123
0x0089bf70,23.992488044,16.5270189184
0x008c2490,24.1723882674,16.3416041876
0x008c2b70,24.3652608088,15.9181427853
0x0089d020,22.7387584827,15.722347641
0x008cbd20,20.5387462011,15.346692909
0x008e38b0,15.5229573307,18.1183579434
0x008ce9d0,20.5389783679,15.2823289385
0x0089dde0,22.0547371462,15.6032296921
0x008e7320,15.1672488232,18.173057857
0x008e7848,14.8385877441,18.2235947923
0x008d7dc8,11.9394632861,18.4560457721
0x008eda38,11.3366712971,18.1807350379
0x0089fcd0,11.3420111327,18.0579271764
0x008e4300,14.5097525398,18.2741722761
0x008e2750,14.0603357211,18.34328042
0x008e2ac0,13.3613976698,18.4507744683
0x008c63c0,19.4072524425,6.11765373366
0x008cce50,24.7000162656,11.3616683618
0x008d3e30,23.6503903132,11.3616683618
0x008d0a78,18.9291630281,12.4724537099
0x008d0de8,21.8875770742,12.3654327274
0x008d14e8,22.8421887773,10.4478810965
0x008d0550,22.2414572684,10.4564908927
0x008ee368,19.4249841794,5.23423728777
0x008d8660,20.7301967211,5.17887508211
0x008d4358,22.7875135038,5.16154736051
0x008d1bc8,24.0180263883,4.88914260147
0x008d6ae0,23.9911821059,4.37865062251
0x0089f7a8,23.9795737676,4.1578100272
0x008ef808,28.2365836026,15.3237424634
0x008e0b68,18.9880463243,6.7000922509
0x008ee520,18.3538537801,9.89535384909
0x008d99e8,18.3538247593,11.5333506705
0x008f1a70,19.3141825899,6.25405885563
0x008c7a18,28.9794592145,14.6590175428
0x008ce660,28.2365836026,15.3237424634
0x008c8468,28.9749900042,14.0535204507
0x008c8990,28.9704917731,13.4460364825
0x008cb488,28.0984733972,12.9586436269
0x008e4828,24.8297974883,13.0273057375
0x008ce4a8,20.4855219698,15.4047313151
0x0089c260,20.8118904022,15.8271384565
0x008e49e0,21.3291579585,15.8349237667
0x008dcf38,21.4744943545,15.8371133852
0x008e1090,18.8386470099,17.9445941455
0x008eb998,16.2059629376,17.0046936524
0x008eb2b8,15.7001295946,17.0103298925
0x008ed358,14.8254993426,17.0200750464
0x008d6c98,9.589181064650001,5.7296722606
0x008dcd80,7.52907828081,5.25488998559
0x008e2fe8,14.7209662559,17.5436236393
0x008e3510,14.3552165357,17.2021918333
0x008e68d0,13.8386745005,17.0162499722
0x0089d390,13.4808764922,17.019047818
0x008dee30,19.7486826939,18.7853130309
0x008e8450,20.3476729521,18.7853130309
0x008e1400,19.1022433527,18.077322871
0x008df1a0,19.6311192474,18.4192953235
0x008c4d68,21.0729619314,18.7853130309
0x008e8978,20.1008216373,18.1962110451
0x0089d8b8,20.8034743569,18.2828361369
0x008df6c8,21.0496001505,18.2751184075
0x008f3438,20.8034743569,18.2828361369
0x008d08c0,13.5035417728,3.72953687077
0x008da438,13.693251042,3.17734752743
0x008da960,13.8716131606,3.03137296171
0x008dacd0,14.4900764063,2.52516560658
0x008e0488,15.5652116823,2.17424545381
0x008d1a10,18.5778366684,12.4502872018
0x008d4880,16.9257089354,10.3898291743
0x008d4f60,14.6164331691,10.3917619857
0x008d5d20,9.303383774789999,10.3962088035
0x008eb7e0,18.3051858217,6.95592619349
0x008dc330,17.6311476561,9.207354094979999
0x008d82f0,15.6303054395,6.18785668685
0x00899528,12.2579670692,4.96322469358
0x008d4bf0,17.0367136707,9.2078677092
0x008c50d8,27.6036389547,10.0898108933
0x008c49f8,26.4316320954,10.7992472827
0x008d5488,13.1022415164,9.21131433089
0x008d6400,9.233211369539999,9.21470688792
0x008de750,9.168581945850001,10.2533835039
0x008ee890,19.1859104513,5.21777460064
0x008ea188,19.4917031039,16.9511831611
0x008ccae0,19.8159820354,17.2169379677
0x0089ed58,20.3750105889,15.4122868505
0x008cb118,21.4570528261,15.5339593542
0x008eef70,20.7764269286,6.23035150487
0x008cfe70,26.7845255808,9.70831717868
0x008f1390,19.26786532,6.21384826924
0x008cb9b0,26.4355208887,11.976261832
0x008cc770,26.4335184504,11.3697510275
0x008e3c20,24.6300760272,13.0758828291
0x008e7f28,24.6088617889,14.3031639904
0x0089c940,21.4052796371,15.338840018
0x008edbf0,19.4239974706,5.29360027783
0x008d3228,27.0702067873,6.81135730877
0x008eaa20,28.2086075072,6.81233047254
0x008d41a0,28.4699982657,6.24909842363
0x008ea340,28.7961635521,5.92764350728
0x0089eba0,23.3240218809,15.0309553298
0x008c9750,22.9072825346,14.182680909
0x0089f280,21.9697060679,15.0471341775
0x008f0af0,19.268039445,6.16983964091
0x008c7860,22.9072825346,13.8584011145
0x008cabf0,22.9072825346,14.182680909
0x008e87c0,20.1008216373,18.1179389423
0x008c2ee0,9.168581945850001,10.2533835039
0x008cf0b0,26.4323285957,11.0139515398
0x008c7d88,26.4316320954,10.7992472827
0x008cf790,26.0299835889,9.86528038532
0x008e5cc8,20.1008216373,17.8175827572
0x008d1178,18.8440739081,12.4445293162
0x008ced40,19.7832755421,7.71147973274
0x008da280,24.832670552,12.9626308952
0x008da5f0,20.1008216373,17.8707553443
0x008c93e0,7.1686103546,6.55632081982
0x008d7008,7.27212771172,5.19886548791
0x0089d1d8,7.52907828081,5.25488998559
0x008ceef8,18.2362903336,7.71591303437
0x008d7c10,16.7960437962,7.72003546423
0x008d78a0,14.6821363641,7.42924872285
0x008d8d40,10.9739687657,6.55630730366
0x0089b890,20.7793873907,6.21114483512
0x008d3750,20.6883590969,6.21117556157
0x0089ba48,9.77308616475,19.0802762668
0x008e6fb0,10.451506478,18.7353167422
0x0089bc00,20.7793873907,6.24492213054
0x0089caf8,18.9607615546,6.19224846014
0x0089d548,18.9088774569,19.322026367
0x008e9580,19.1673951517,19.1934471037
0x0089da70,5.86450060497,18.8759389071
0x0089e678,4.80242470966,18.4095907181
0x0089e308,18.9607615546,6.19036732261
0x0089e9e8,18.9607615546,6.19478257283
0x0089ef10,20.5936246206,6.12045157951
0x008b8ec8,18.06735999,5.36677678698
0x008e3f90,20.6525369377,6.18017950598
0x008ca1a0,0,0
0x008e61f0,26.96634118,20.7947880897
0x0089f5f0,20.5423157651,15.2074508364
0x0089f960,20.9103581321,6.27588745968
0x008f0410,20.9103581321,6.25171862431
0x0089fb18,18.4239681437,19.7428115689
0x008e9fd0,18.4239681437,19.6385884322
0x0089fe88,18.9607615546,6.18341777495
0x008b8108,19.517676761,19.1898247719
0x008d71c0,21.2621488254,19.1813906859
0x008b82c0,23.659096567,13.0991593759
0x008f0258,23.8116711094,13.0991593759
0x008f2150,24.7999930796,12.9458032716
0x008b8630,17.7673265205,17.9691210328
0x008e9738,17.947327799,17.9691210328
0x008ed6c8,18.9716495464,17.9419584936
0x008b89a0,18.7465638661,9.227939211980001
0x008d3fe8,18.3167361183,6.19802084179
0x008b8b58,19.1620139601,12.5859165357
0x008d52d0,19.0998676921,12.5859165357
0x008e1c98,19.1620139601,12.5523748755
0x008e63a8,19.1642241264,12.5859165357
0x008c2800,18.06735999,5.36677678698
0x008c87d8,19.3071305244,5.4044598508
0x008c31e8,20.4506704057,15.2074508364
0x008c3710,20.4701914502,15.2074508364
0x008c3c38,20.4243687705,15.2074508364
0x008c3fa8,24.2694837404,13.032185953
0x008c4160,18.9607615546,6.18783302516
0x008c57b8,18.9228920083,12.5763318129
0x008c6578,6.45170839975,18.5322499018
0x008c4318,6.77343349676,18.3174104831
0x008c6c58,18.4873316344,17.9945352366
0x008c6e10,18.9607615546,6.18595188763
0x008c7180,20.5291649475,15.3025371192
0x008f2f10,20.5423157651,15.2074508364
0x008f30c8,20.5160141299,15.2074508364
0x008c76a8,7.9141558843,18.7267474945
0x008df510,9.043008745890001,18.7184350539
0x008c82b0,7.25596310059,19.1387742224
0x008cda58,6.76281186718,19.1378686395
0x008d84a8,7.25596310059,19.2314680716
0x008c8620,18.9228920083,12.5427915441
0x008dd2a8,19.3071305244,5.27796207667
0x008f1de0,19.3071305244,5.37251575672
0x008c8d00,18.3167361183,6.18910017389
0x008d27d0,18.4777190002,6.18910017389
0x008e4148,18.3167361183,6.18468492368
0x008c9228,19.2889054332,5.21766647133
0x008dd460,18.7572725582,4.20029132906
0x008c9598,18.3167361183,6.1935154241
0x008ccc98,18.4777190002,6.1935154241
0x008c9908,19.4212544959,5.33222668728
0x008d7a58,0,0
0x008ca510,20.3966020982,15.3342310063
0x008cdf80,20.4375195881,15.3342310063
0x008caa38,13.4471832901,6.67577667277
0x008d3070,10.6847470161,7.36378994305
0x008cb2d0,19.9513352604,6.44383930724
0x008d6248,18.6023883039,6.46608691235
0x008cbb68,19.4212544959,5.30092189429
0x008c7f40,18.9607615546,6.19478257283
0x008d6e50,18.9607615546,6.19224846014
0x008cd378,20.4964930854,15.2074508364
0x008d59b0,6.39952891892,19.1659822595
0x008e57a0,6.76545276415,18.9343152173
0x008cddc8,18.9228920083,12.6290387447
0x008d2eb0,20.4375195881,15.3025371192
0x008d6928,20.4833422678,15.3342310063
0x008cf948,20.4833422678,15.3025371192
0x008cfb00,20.4964930854,15.2074508364
0x008d46c8,20.4701914502,15.2074508364
0x008cfcb8,18.4873316344,18.0030509257
0x008d0028,19.3071305244,5.30990617075
0x008d1d80,19.335657357,5.30990617075
0x008d0fa0,9.77003897594,19.1434237827
0x008d7530,9.77308616475,19.0802762668
0x008d16a0,7.69824079123,19.3241619209
0x008c33a0,8.14051848187,20.3660148352
0x008c5b28,19.4212544959,5.30092189429
0x008cb7f8,19.4212544959,5.31888913717
0x008c6208,18.9607615546,6.19036732261
0x008c9e30,18.9607615546,6.18783302516
0x008d2cf8,19.3071305244,5.34121096374
0x008dab18,19.335657357,5.34121096374
0x008cc400,20.4506704057,15.2074508364
0x008cc928,20.4243687705,15.2074508364
0x008efee8,20.606161626,6.24011017491
0x008d3908,19.5408934376,6.1799497312
0x008d3c78,20.5160141299,15.2074508364
0x008e4670,19.4079779637,6.18017950598
0x008d4a38,23.659096567,13.0698748944
0x008eaf48,23.8116711094,13.0698748944
0x008c5e98,18.9228920083,12.5954984759
0x008e5430,18.9228920083,12.5763318129
0x008d57f8,13.4631157345,6.45167868206
0x008efd30,2.72949471196,19.1684016528
0x008d6090,17.7673265205,17.9987930811
0x008dae88,17.947327799,17.9987930811
0x008e2378,17.7673265205,17.983957057
0x008d65b8,18.4290467917,20.7953287363
0x008e7bb8,18.4239681437,19.7428115689
0x008d7378,18.4873316344,17.9796992124
0x008e2908,0,0
0x008c2d28,7.69824079123,19.3241619209
0x008d8818,20.6883590969,6.23477050604
0x008d8b88,24.2694837404,13.0489936473
0x008d5b68,19.4212544959,5.3501952402
0x008defe8,19.4212544959,5.33222668728
0x008c6aa0,18.4873316344,18.0030509257
0x008e6df8,18.4873316344,17.9945352366
0x008db3b0,18.2955509008,19.1996375066
0x008e7d70,18.1459194197,19.2005566057
0x008dba90,24.2694837404,13.0782793543
0x008dbe00,0,0
0x008d4da8,0,0
0x008dc178,18.4777190002,6.18468492368
0x0089c5d0,18.9607615546,6.18595188763
0x008dc6a0,18.9607615546,6.18341777495
0x008dca10,18.9228920083,12.5619595983
0x008de070,18.4873316344,17.9733788774
0x008dfa38,10.3777935296,19.1445456242
0x008dfda8,11.1762150404,19.2047601326
0x0089c418,11.172906664,19.0832363066
0x008e0ed8,24.2694837404,13.1075638359
0x008e3a68,19.0998676921,12.5523748755
0x008ee1b0,18.7531806189,12.4421504714
0x008e1e50,19.1620139601,12.6194554132
0x008b8478,19.4011268909,12.6290387447
0x008e9210,19.0998676921,12.6194554132
0x008e21c0,17.947327799,17.983957057
0x0089e830,18.4873316344,17.9882149015
0x008c5448,18.4873316344,17.9796992124
0x008f3cd0,15.3175151687,13.1071451394
0x008e31a0,20.7793873907,6.22123599788
0x008e36c8,11.172906664,19.0832363066
0x008e7a00,12.761768953,18.725220168
0x008c9ac0,18.9228920083,12.5619595983
0x008da0c8,18.9228920083,12.5427915441
0x008e3dd8,18.4873316344,17.9882149015
0x008e4b98,18.9925155346,15.3517479542
0x008ee6d8,19.1620139601,12.6533810745
0x008e55e8,19.4011268909,12.5954984759
0x008ef2e0,19.5736371367,12.5956236936
0x008ef650,6.76620730614,18.8760200041
0x008e5958,24.2694837404,13.0907561415
0x008e5b10,19.335657357,5.37251575672
0x008c4f20,19.4212544959,5.38150003318
0x008cb640,19.4212544959,5.3635327903
0x008e5e80,18.9228920083,12.5954984759
0x008e6038,12.8181854773,19.2333468184
0x008e6718,18.9925155346,15.45474112
0x0089df98,18.9925155346,15.3517479542
0x008e2e30,12.761768953,18.6527329832
0x008e9aa8,15.6353260458,19.2160055806
0x008e8608,19.4212544959,5.3501952402
0x008e2008,18.8596541887,12.6098720818
0x008e6c40,18.9228920083,12.6290387447
0x008edff8,18.5614979321,19.1980020508
0x008c6730,18.4873316344,17.9648631883
0x008c74f0,18.4873316344,17.9733788774
0x008e9c60,15.6523903032,18.7053919562
0x008d2988,18.7072696408,19.5997835268
0x008df358,18.9088774569,19.322026367
0x008edf60,17.7673265205,18.0121073821
0x008ead90,18.4873316344,17.9648631883
0x008c4840,24.2694837404,13.0614704345
0x008e98f0,24.2694837404,13.0782793543
0x008eb628,23.659096567,13.0405904129
0x008edda8,23.8116711094,13.0405904129
0x008ed510,24.2694837404,13.0614704345
0x008c38c8,18.9925155346,17.4459693581
0x008df880,24.2694837404,13.032185953
0x008e15b8,24.2694837404,13.0489936473
0x008f05c8,18.9671513153,18.0121073821
0x0089c788,18.7465638661,9.227939211980001
0x008e0118,18.7496690966,12.5184492143
0x008eea48,20.8776202211,6.20434834135
0x008cd008,20.7793873907,6.1975508564
0x008e80e0,20.7793873907,6.21114483512
0x008eec00,20.9103581321,6.20434834135
0x008eedb8,19.5724734165,12.6288996139
0x008ef9c0,18.9225172544,12.5272617529
0x008ef128,6.76803561943,18.7346544501
0x008e50c0,19.4011268909,12.5619595983
0x0089dc28,5.86450060497,18.8759389071
0x008f24c0,23.659096567,13.0107078887
0x008caf60,1.95037206362,18.7915574984
0x008cf268,1.40765322552,19.1692666873
0x008f00a0,20.7793873907,6.1975508564
0x008c9fe8,24.2694837404,13.1075638359
0x008ca880,24.2694837404,13.0907561415
0x008f1f98,20.8776202211,6.25171862431
0x008f29e8,20.9103581321,6.22803348283
0x008f0938,20.8776202211,6.22803348283
0x008c29b8,20.7793873907,6.23483096778
0x008cc248,20.7793873907,6.22123599788
0x008f1020,20.7793873907,6.25851610926
0x008f1c28,18.9925155346,17.4459693581
0x008e8ea0,20.7793873907,6.24492213054
0x008ed880,25.5439714836,11.8065258508
0x008d20f0,24.6933414711,13.0107078887
0x008f2678,19.4212544959,5.38150003318
0x008f2ba0,19.4212544959,5.31888913717
0x008f2d58,19.4212544959,5.3635327903
0x008f35f0,20.7793873907,6.23483096778
0x0089bdb8,20.7793873907,6.25851610926
0x00899528_drop-1-1,0,0
0x00899528_drop-1-2,0,0
0x00899528_drop-1-3,0,0
0x00899528_drop-1-4,0,0
0x00899528_drop-1-5,0,0
0x00899528_drop-1-6,0,0
0x00899528_drop-1-7,0,0
0x00899528_drop-1-8,0,0
0x00899528_drop-1-9,0,0
0x00899528_drop-1-10,0,0
0x00899528_drop-2-1,0,0
0x00899528_drop-2-2,0,0
0x00899528_drop-2-3,0,0
0x008996e0_drop-3-1,0,0
0x008996e0_drop-3-2,0,0
0x008996e0_drop-3-3,0,0
0x008996e0_drop-3-4,0,0
0x008996e0_drop-3-5,0,0
0x008996e0_drop-4-1,0,0
0x008996e0_drop-4-2,0,0
0x0089bf70_drop-5-1,0,0
0x0089bf70_drop-5-2,0,0
0x0089bf70_drop-5-3,0,0
0x0089bf70_drop-5-4,0,0
0x0089bf70_drop-5-5,0,0
0x0089bf70_drop-5-6,0,0
0x0089bf70_drop-5-7,0,0
0x0089bf70_drop-5-8,0,0
0x0089bf70_drop-5-9,0,0
0x0089bf70_drop-5-10,0,0
0x0089bf70_drop-6-1,0,0
0x0089c260_drop-7-1,0,0
0x0089c260_drop-7-2,0,0
0x0089c260_drop-7-3,0,0
0x0089c260_drop-7-4,0,0
0x0089c260_drop-7-5,0,0
0x0089c260_drop-7-6,0,0
0x0089c260_drop-7-7,0,0
0x0089c260_drop-7-8,0,0
0x0089c260_drop-7-9,0,0
0x0089c260_drop-7-10,0,0
0x0089c260_drop-7-11,0,0
0x0089c940_drop-8-1,0,0
0x0089c940_drop-8-2,0,0
0x0089c940_drop-8-3,0,0
0x0089c940_drop-8-4,0,0
0x0089c940_drop-8-5,0,0
0x0089c940_drop-8-6,0,0
0x0089c940_drop-8-7,0,0
0x0089c940_drop-8-8,0,0
0x0089c940_drop-9-1,0,0
0x0089c940_drop-9-2,0,0
0x0089d020_drop-10-1,0,0
0x0089d020_drop-10-2,0,0
0x0089d020_drop-10-3,0,0
0x0089d020_drop-11-1,0,0
0x0089d020_drop-12-1,0,0
0x0089d020_drop-12-2,0,0
0x0089d700_drop-13-1,0,0
0x0089d700_drop-13-2,0,0
0x0089d700_drop-13-3,0,0
0x0089d700_drop-13-4,0,0
0x0089dde0_drop-14-1,0,0
0x0089dde0_drop-14-2,0,0
0x0089dde0_drop-14-3,0,0
0x0089dde0_drop-14-4,0,0
0x0089dde0_drop-14-5,0,0
0x0089dde0_drop-14-6,0,0
0x0089dde0_drop-14-7,0,0
0x0089dde0_drop-14-8,0,0
0x0089dde0_drop-14-9,0,0
0x0089dde0_drop-14-10,0,0
0x0089dde0_drop-14-11,0,0
0x0089dde0_drop-14-12,0,0
0x0089dde0_drop-14-13,0,0
0x0089dde0_drop-14-14,0,0
0x0089dde0_drop-15-1,0,0
0x0089e4c0_drop-16-1,0,0
0x0089e4c0_drop-16-2,0,0
0x0089e4c0_drop-16-3,0,0
0x0089e4c0_drop-16-4,0,0
0x0089eba0_drop-18-1,0,0
0x0089eba0_drop-18-2,0,0
0x0089eba0_drop-18-3,0,0
0x0089eba0_drop-18-4,0,0
0x0089eba0_drop-18-5,0,0
0x0089eba0_drop-18-6,0,0
0x0089eba0_drop-18-7,0,0
0x0089eba0_drop-18-8,0,0
0x0089eba0_drop-18-9,0,0
0x0089eba0_drop-18-10,0,0
0x0089eba0_drop-18-11,0,0
0x0089eba0_drop-18-12,0,0
0x0089eba0_drop-18-13,0,0
0x0089eba0_drop-18-14,0,0
0x0089eba0_drop-19-1,0,0
0x0089eba0_drop-19-2,0,0
0x0089eba0_drop-20-1,0,0
0x0089f280_drop-21-1,0,0
0x0089f280_drop-21-2,0,0
0x0089f280_drop-21-3,0,0
0x0089f280_drop-21-4,0,0
0x0089f280_drop-21-5,0,0
0x0089f280_drop-21-6,0,0
0x0089f280_drop-21-7,0,0
0x0089f280_drop-21-8,0,0
0x0089f280_drop-21-9,0,0
0x0089f280_drop-21-10,0,0
0x0089f280_drop-21-11,0,0
0x0089f280_drop-22-1,0,0
0x0089f280_drop-22-2,0,0
0x0089f280_drop-22-3,0,0
0x0089f280_drop-23-1,0,0
0x008b8108_drop-24-1,0,0
0x008b8d10_drop-25-1,0,0
0x008b8d10_drop-25-2,0,0
0x008b8d10_drop-25-3,0,0
0x008b8d10_drop-25-4,0,0
0x008b8d10_drop-25-5,0,0
0x008b8d10_drop-25-6,0,0
0x008b8d10_drop-25-7,0,0
0x008b8d10_drop-26-1,0,0
0x008b8d10_drop-27-1,0,0
0x008c2490_drop-28-1,0,0
0x008c2490_drop-28-2,0,0
0x008c2490_drop-28-3,0,0
0x008c2490_drop-28-4,0,0
0x008c2490_drop-28-5,0,0
0x008c2490_drop-28-6,0,0
0x008c2490_drop-28-7,0,0
0x008c2490_drop-28-8,0,0
0x008c2490_drop-28-9,0,0
0x008c2490_drop-28-10,0,0
0x008c2490_drop-28-11,0,0
0x008c2490_drop-29-1,0,0
0x008c2490_drop-29-2,0,0
0x008c2648_drop-30-1,0,0
0x008c2648_drop-30-2,0,0
0x008c2648_drop-30-3,0,0
0x008c2648_drop-30-4,0,0
0x008c2648_drop-30-5,0,0
0x008c2648_drop-30-6,0,0
0x008c2648_drop-30-7,0,0
0x008c2648_drop-30-8,0,0
0x008c2648_drop-30-9,0,0
0x008c2648_drop-31-1,0,0
0x008c2b70_drop-32-1,0,0
0x008c2b70_drop-32-2,0,0
0x008c2b70_drop-32-3,0,0
0x008c2b70_drop-32-4,0,0
0x008c2b70_drop-32-5,0,0
0x008c2b70_drop-32-6,0,0
0x008c2b70_drop-32-7,0,0
0x008c2b70_drop-32-8,0,0
0x008c2b70_drop-32-9,0,0
0x008c2b70_drop-32-10,0,0
0x008c2b70_drop-32-11,0,0
0x008c2b70_drop-32-12,0,0
0x008c2b70_drop-32-13,0,0
0x008c2b70_drop-32-14,0,0
0x008c2b70_drop-32-15,0,0
0x008c2b70_drop-32-16,0,0
0x008c2b70_drop-33-1,0,0
0x008c4bb0_drop-34-1,0,0
0x008c4bb0_drop-34-2,0,0
0x008c4bb0_drop-34-3,0,0
0x008c4bb0_drop-34-4,0,0
0x008c4bb0_drop-34-5,0,0
0x008c4bb0_drop-34-6,0,0
0x008c4bb0_drop-34-7,0,0
0x008c4bb0_drop-34-8,0,0
0x008c4bb0_drop-34-9,0,0
0x008c4bb0_drop-34-10,0,0
0x008c4bb0_drop-34-11,0,0
0x008c4bb0_drop-35-1,0,0
0x008c4bb0_drop-36-1,0,0
0x008c4d68_drop-37-1,0,0
0x008c4d68_drop-37-2,0,0
0x008c4d68_drop-37-3,0,0
0x008c4d68_drop-37-4,0,0
0x008c50d8_drop-38-1,0,0
0x008c50d8_drop-38-2,0,0
0x008c50d8_drop-38-3,0,0
0x008c50d8_drop-38-4,0,0
0x008c50d8_drop-38-5,0,0
0x008c50d8_drop-38-6,0,0
0x008c50d8_drop-38-7,0,0
0x008c50d8_drop-39-1,0,0
0x008c50d8_drop-39-2,0,0
0x008c50d8_drop-39-3,0,0
0x008c5290_drop-40-1,0,0
0x008c5290_drop-40-2,0,0
0x008c5290_drop-40-3,0,0
0x008c5290_drop-40-4,0,0
0x008c5290_drop-40-5,0,0
0x008c5290_drop-40-6,0,0
0x008c5970_drop-41-1,0,0
0x008c5970_drop-41-2,0,0
0x008c5970_drop-41-3,0,0
0x008c5970_drop-41-4,0,0
0x008c5970_drop-41-5,0,0
0x008c5970_drop-41-6,0,0
0x008c5970_drop-41-7,0,0
0x008c5970_drop-41-8,0,0
0x008c5970_drop-41-9,0,0
0x008c5970_drop-41-10,0,0
0x008c5970_drop-41-11,0,0
0x008c6fc8_drop-42-1,0,0
0x008c6fc8_drop-42-2,0,0
0x008c6fc8_drop-42-3,0,0
0x008c6fc8_drop-42-4,0,0
0x008c6fc8_drop-42-5,0,0
0x008c6fc8_drop-42-6,0,0
0x008c6fc8_drop-42-7,0,0
0x008c6fc8_drop-42-8,0,0
0x008c6fc8_drop-43-1,0,0
0x008c6fc8_drop-43-2,0,0
0x008c6fc8_drop-43-3,0,0
0x008c7338_drop-44-1,0,0
0x008c7338_drop-44-2,0,0
0x008c7338_drop-44-3,0,0
0x008c7338_drop-45-1,0,0
0x008c7860_drop-46-1,0,0
0x008c7860_drop-46-2,0,0
0x008c7860_drop-46-3,0,0
0x008c7860_drop-46-4,0,0
0x008c7860_drop-46-5,0,0
0x008c7860_drop-46-6,0,0
0x008c7860_drop-46-7,0,0
0x008c7860_drop-46-8,0,0
0x008c7860_drop-46-9,0,0
0x008c7860_drop-46-10,0,0
0x008c7860_drop-46-11,0,0
0x008c7860_drop-46-12,0,0
0x008c7860_drop-46-13,0,0
0x008c7860_drop-46-14,0,0
0x008c7860_drop-47-1,0,0
0x008c7a18_drop-48-1,0,0
0x008c7a18_drop-48-2,0,0
0x008c7a18_drop-48-3,0,0
0x008c7a18_drop-48-4,0,0
0x008c7a18_drop-48-5,0,0
0x008c7a18_drop-48-6,0,0
0x008c7a18_drop-48-7,0,0
0x008c7a18_drop-48-8,0,0
0x008c7a18_drop-48-9,0,0
0x008c7a18_drop-48-10,0,0
0x008c7a18_drop-48-11,0,0
0x008c7a18_drop-48-12,0,0
0x008c7a18_drop-48-13,0,0
0x008c7a18_drop-48-14,0,0
0x008c7a18_drop-48-15,0,0
0x008c7a18_drop-48-16,0,0
0x008c7a18_drop-49-1,0,0
0x008c7a18_drop-50-1,0,0
0x008c7a18_drop-50-2,0,0
0x008c8990_drop-51-1,0,0
0x008c8990_drop-51-2,0,0
0x008c8990_drop-51-3,0,0
0x008c8990_drop-51-4,0,0
0x008c8990_drop-51-5,0,0
0x008c8990_drop-51-6,0,0
0x008c8990_drop-51-7,0,0
0x008c8990_drop-51-8,0,0
0x008c8990_drop-51-9,0,0
0x008c8990_drop-51-10,0,0
0x008c8990_drop-52-1,0,0
0x008c8990_drop-52-2,0,0
0x008c8990_drop-52-3,0,0
0x008c8b48_drop-53-1,0,0
0x008c8b48_drop-53-2,0,0
0x008c8b48_drop-53-3,0,0
0x008c8b48_drop-53-4,0,0
0x008c8b48_drop-53-5,0,0
0x008c8b48_drop-53-6,0,0
0x008c8b48_drop-53-7,0,0
0x008c8b48_drop-53-8,0,0
0x008c8b48_drop-53-9,0,0
0x008c8b48_drop-53-10,0,0
0x008c8b48_drop-53-11,0,0
0x008c8b48_drop-53-12,0,0
0x008c8b48_drop-53-13,0,0
0x008c8b48_drop-54-1,0,0
0x008c8b48_drop-54-2,0,0
0x008c8eb8_drop-55-1,0,0
0x008c8eb8_drop-55-2,0,0
0x008c8eb8_drop-55-3,0,0
0x008c8eb8_drop-55-4,0,0
0x008c8eb8_drop-55-5,0,0
0x008c8eb8_drop-55-6,0,0
0x008c8eb8_drop-55-7,0,0
0x008c8eb8_drop-55-8,0,0
0x008c8eb8_drop-56-1,0,0
0x008c8eb8_drop-56-2,0,0
0x008c8eb8_drop-56-3,0,0
0x008c8eb8_drop-56-4,0,0
0x008c9070_drop-57-1,0,0
0x008c9070_drop-57-2,0,0
0x008c9070_drop-57-3,0,0
0x008c9070_drop-57-4,0,0
0x008c9070_drop-57-5,0,0
0x008c9070_drop-57-6,0,0
0x008c9070_drop-57-7,0,0
0x008c9070_drop-57-8,0,0
0x008c9070_drop-57-9,0,0
0x008c9070_drop-57-10,0,0
0x008c9070_drop-57-11,0,0
0x008c9070_drop-57-12,0,0
0x008c9070_drop-57-13,0,0
0x008c9070_drop-57-14,0,0
0x008c9070_drop-57-15,0,0
0x008c93e0_drop-58-1,0,0
0x008c93e0_drop-58-2,0,0
0x008c93e0_drop-58-3,0,0
0x008c93e0_drop-58-4,0,0
0x008c93e0_drop-59-1,0,0
0x008ca358_drop-60-1,0,0
0x008ca358_drop-60-2,0,0
0x008ca358_drop-60-3,0,0
0x008ca358_drop-60-4,0,0
0x008ca358_drop-60-5,0,0
0x008ca358_drop-60-6,0,0
0x008ca358_drop-60-7,0,0
0x008ca358_drop-60-8,0,0
0x008ca358_drop-60-9,0,0
0x008ca358_drop-60-10,0,0
0x008ca6c8_drop-61-1,0,0
0x008ca6c8_drop-61-2,0,0
0x008ca6c8_drop-61-3,0,0
0x008ca6c8_drop-61-4,0,0
0x008ca6c8_drop-61-5,0,0
0x008ca6c8_drop-61-6,0,0
0x008ca6c8_drop-61-7,0,0
0x008ca6c8_drop-61-8,0,0
0x008ca6c8_drop-61-9,0,0
0x008ca6c8_drop-61-10,0,0
0x008ca6c8_drop-61-11,0,0
0x008ca6c8_drop-62-1,0,0
0x008ca6c8_drop-63-1,0,0
0x008cada8_drop-64-1,0,0
0x008cada8_drop-64-2,0,0
0x008cada8_drop-64-3,0,0
0x008cada8_drop-64-4,0,0
0x008cada8_drop-64-5,0,0
0x008cada8_drop-64-6,0,0
0x008cada8_drop-64-7,0,0
0x008cada8_drop-64-8,0,0
0x008cada8_drop-64-9,0,0
0x008cada8_drop-64-10,0,0
0x008cada8_drop-65-1,0,0
0x008cada8_drop-65-2,0,0
0x008cada8_drop-65-3,0,0
0x008cada8_drop-66-1,0,0
0x008cb488_drop-67-1,0,0
0x008cb488_drop-67-2,0,0
0x008cb488_drop-67-3,0,0
0x008cb488_drop-67-4,0,0
0x008cb488_drop-67-5,0,0
0x008cb488_drop-67-6,0,0
0x008cb488_drop-67-7,0,0
0x008cb488_drop-67-8,0,0
0x008cb488_drop-67-9,0,0
0x008cb488_drop-67-10,0,0
0x008cb488_drop-67-11,0,0
0x008cb488_drop-67-12,0,0
0x008cb488_drop-67-13,0,0
0x008cb488_drop-68-1,0,0
0x008cb488_drop-68-2,0,0
0x008cb488_drop-68-3,0,0
0x008cb9b0_drop-69-1,0,0
0x008cb9b0_drop-69-2,0,0
0x008cb9b0_drop-69-3,0,0
0x008cb9b0_drop-69-4,0,0
0x008cb9b0_drop-69-5,0,0
0x008cb9b0_drop-69-6,0,0
0x008cb9b0_drop-69-7,0,0
0x008cb9b0_drop-69-8,0,0
0x008cb9b0_drop-69-9,0,0
0x008cc090_drop-70-1,0,0
0x008cc090_drop-70-2,0,0
0x008cc090_drop-70-3,0,0
0x008cc090_drop-70-4,0,0
0x008cc090_drop-70-5,0,0
0x008cc090_drop-70-6,0,0
0x008cc090_drop-71-1,0,0
0x008cc090_drop-71-2,0,0
0x008cc090_drop-71-3,0,0
0x008cc090_drop-71-4,0,0
0x008cc770_drop-72-1,0,0
0x008cc770_drop-72-2,0,0
0x008cc770_drop-72-3,0,0
0x008cc770_drop-72-4,0,0
0x008cc770_drop-72-5,0,0
0x008cc770_drop-72-6,0,0
0x008cc770_drop-72-7,0,0
0x008cc770_drop-72-8,0,0
0x008cc770_drop-72-9,0,0
0x008cc770_drop-72-10,0,0
0x008cc770_drop-73-1,0,0
0x008cc770_drop-73-2,0,0
0x008cc770_drop-73-3,0,0
0x008cce50_drop-74-1,0,0
0x008cce50_drop-74-2,0,0
0x008cce50_drop-74-3,0,0
0x008cce50_drop-74-4,0,0
0x008cce50_drop-75-1,0,0
0x008cce50_drop-75-2,0,0
0x008cce50_drop-75-3,0,0
0x008cd530_drop-76-1,0,0
0x008cd530_drop-76-2,0,0
0x008cd530_drop-76-3,0,0
0x008cd530_drop-76-4,0,0
0x008cd530_drop-76-5,0,0
0x008cd530_drop-76-6,0,0
0x008cd530_drop-76-7,0,0
0x008cd530_drop-76-8,0,0
0x008cd530_drop-76-9,0,0
0x008cd530_drop-76-10,0,0
0x008cd530_drop-76-11,0,0
0x008cd530_drop-77-1,0,0
0x008cd6e8_drop-78-1,0,0
0x008cd6e8_drop-78-2,0,0
0x008cd6e8_drop-78-3,0,0
0x008cd6e8_drop-78-4,0,0
0x008cd6e8_drop-78-5,0,0
0x008cd6e8_drop-78-6,0,0
0x008cd6e8_drop-78-7,0,0
0x008cd6e8_drop-78-8,0,0
0x008cd6e8_drop-78-9,0,0
0x008cd6e8_drop-78-10,0,0
0x008cd6e8_drop-78-11,0,0
0x008cd6e8_drop-79-1,0,0
0x008cd8a0_drop-80-1,0,0
0x008cd8a0_drop-80-2,0,0
0x008cd8a0_drop-80-3,0,0
0x008cd8a0_drop-80-4,0,0
0x008cd8a0_drop-80-5,0,0
0x008cd8a0_drop-80-6,0,0
0x008cd8a0_drop-80-7,0,0
0x008cd8a0_drop-80-8,0,0
0x008cdc10_drop-81-1,0,0
0x008cdc10_drop-81-2,0,0
0x008cdc10_drop-81-3,0,0
0x008cdc10_drop-81-4,0,0
0x008cdc10_drop-81-5,0,0
0x008cdc10_drop-81-6,0,0
0x008cdc10_drop-81-7,0,0
0x008cdc10_drop-81-8,0,0
0x008ce138_drop-82-1,0,0
0x008ce138_drop-82-2,0,0
0x008ce138_drop-82-3,0,0
0x008ce138_drop-82-4,0,0
0x008ce138_drop-82-5,0,0
0x008ce138_drop-82-6,0,0
0x008ce138_drop-83-1,0,0
0x008ce138_drop-83-2,0,0
0x008ce138_drop-83-3,0,0
0x008ce138_drop-83-4,0,0
0x008ce138_drop-84-1,0,0
0x008ce2f0_drop-85-1,0,0
0x008ce2f0_drop-85-2,0,0
0x008ce2f0_drop-85-3,0,0
0x008ce2f0_drop-85-4,0,0
0x008ce2f0_drop-85-5,0,0
0x008ce2f0_drop-85-6,0,0
0x008ce2f0_drop-85-7,0,0
0x008ce2f0_drop-85-8,0,0
0x008ce2f0_drop-85-9,0,0
0x008ce2f0_drop-85-10,0,0
0x008ce2f0_drop-85-11,0,0
0x008ce2f0_drop-86-1,0,0
0x008ce2f0_drop-86-2,0,0
0x008ce818_drop-87-1,0,0
0x008ce818_drop-87-2,0,0
0x008ce818_drop-87-3,0,0
0x008ce818_drop-87-4,0,0
0x008ce818_drop-87-5,0,0
0x008ce818_drop-87-6,0,0
0x008ce818_drop-87-7,0,0
0x008ce818_drop-87-8,0,0
0x008ce818_drop-87-9,0,0
0x008ce818_drop-88-1,0,0
0x008ce818_drop-88-2,0,0
0x008cf0b0_drop-89-1,0,0
0x008cf0b0_drop-89-2,0,0
0x008cf0b0_drop-89-3,0,0
0x008cf0b0_drop-89-4,0,0
0x008cf0b0_drop-89-5,0,0
0x008cf0b0_drop-89-6,0,0
0x008cf0b0_drop-89-7,0,0
0x008cf0b0_drop-89-8,0,0
0x008cf0b0_drop-90-1,0,0
0x008cf0b0_drop-90-2,0,0
0x008cf5d8_drop-91-1,0,0
0x008cf5d8_drop-91-2,0,0
0x008cf5d8_drop-91-3,0,0
0x008cf5d8_drop-91-4,0,0
0x008cf5d8_drop-91-5,0,0
0x008cf5d8_drop-91-6,0,0
0x008cf5d8_drop-91-7,0,0
0x008cf5d8_drop-92-1,0,0
0x008cf5d8_drop-92-2,0,0
0x008cf5d8_drop-92-3,0,0
0x008cf5d8_drop-93-1,0,0
0x008cf790_drop-94-1,0,0
0x008cf790_drop-94-2,0,0
0x008cf790_drop-94-3,0,0
0x008cf790_drop-94-4,0,0
0x008cf790_drop-94-5,0,0
0x008cf790_drop-94-6,0,0
0x008cf790_drop-94-7,0,0
0x008cf790_drop-94-8,0,0
0x008cf790_drop-95-1,0,0
0x008cf790_drop-95-2,0,0
0x008cf790_drop-95-3,0,0
0x008cf790_drop-95-4,0,0
0x008cfe70_drop-96-1,0,0
0x008cfe70_drop-96-2,0,0
0x008cfe70_drop-96-3,0,0
0x008cfe70_drop-96-4,0,0
0x008cfe70_drop-96-5,0,0
0x008cfe70_drop-96-6,0,0
0x008cfe70_drop-96-7,0,0
0x008cfe70_drop-97-1,0,0
0x008d01e0_drop-98-1,0,0
0x008d01e0_drop-98-2,0,0
0x008d01e0_drop-98-3,0,0
0x008d01e0_drop-98-4,0,0
0x008d01e0_drop-98-5,0,0
0x008d01e0_drop-98-6,0,0
0x008d01e0_drop-98-7,0,0
0x008d01e0_drop-98-8,0,0
0x008d01e0_drop-99-1,0,0
0x008d01e0_drop-99-2,0,0
0x008d0398_drop-100-1,0,0
0x008d0398_drop-100-2,0,0
0x008d0398_drop-100-3,0,0
0x008d0398_drop-100-4,0,0
0x008d0398_drop-100-5,0,0
0x008d0398_drop-101-1,0,0
0x008d0708_drop-102-1,0,0
0x008d0708_drop-102-2,0,0
0x008d0708_drop-102-3,0,0
0x008d0708_drop-102-4,0,0
0x008d0708_drop-102-5,0,0
0x008d0708_drop-102-6,0,0
0x008d0708_drop-102-7,0,0
0x008d0708_drop-102-8,0,0
0x008d0708_drop-102-9,0,0
0x008d0708_drop-103-1,0,0
0x008d0708_drop-103-2,0,0
0x008d0708_drop-103-3,0,0
0x008d0708_drop-103-4,0,0
0x008d08c0_drop-104-1,0,0
0x008d08c0_drop-104-2,0,0
0x008d08c0_drop-104-3,0,0
0x008d08c0_drop-104-4,0,0
0x008d08c0_drop-104-5,0,0
0x008d08c0_drop-104-6,0,0
0x008d08c0_drop-104-7,0,0
0x008d0de8_drop-105-1,0,0
0x008d0de8_drop-105-2,0,0
0x008d0de8_drop-105-3,0,0
0x008d0de8_drop-105-4,0,0
0x008d0de8_drop-105-5,0,0
0x008d0de8_drop-105-6,0,0
0x008d0de8_drop-106-1,0,0
0x008d0de8_drop-106-2,0,0
0x008d1330_drop-107-1,0,0
0x008d1330_drop-107-2,0,0
0x008d1330_drop-107-3,0,0
0x008d1330_drop-107-4,0,0
0x008d1330_drop-107-5,0,0
0x008d1330_drop-107-6,0,0
0x008d1330_drop-107-7,0,0
0x008d1330_drop-108-1,0,0
0x008d14e8_drop-109-1,0,0
0x008d14e8_drop-109-2,0,0
0x008d14e8_drop-109-3,0,0
0x008d14e8_drop-109-4,0,0
0x008d14e8_drop-109-5,0,0
0x008d14e8_drop-109-6,0,0
0x008d14e8_drop-109-7,0,0
0x008d14e8_drop-109-8,0,0
0x008d14e8_drop-109-9,0,0
0x008d14e8_drop-109-10,0,0
0x008d14e8_drop-109-11,0,0
0x008d14e8_drop-109-12,0,0
0x008d1bc8_drop-110-1,0,0
0x008d1bc8_drop-110-2,0,0
0x008d1bc8_drop-110-3,0,0
0x008d1bc8_drop-110-4,0,0
0x008d1bc8_drop-110-5,0,0
0x008d1bc8_drop-110-6,0,0
0x008d1bc8_drop-111-1,0,0
0x008d1bc8_drop-111-2,0,0
0x008d1bc8_drop-111-3,0,0
0x008d1bc8_drop-111-4,0,0
0x008d1bc8_drop-111-5,0,0
0x008d1bc8_drop-111-6,0,0
0x008d1f38_drop-112-1,0,0
0x008d1f38_drop-112-2,0,0
0x008d1f38_drop-112-3,0,0
0x008d1f38_drop-112-4,0,0
0x008d1f38_drop-112-5,0,0
0x008d1f38_drop-112-6,0,0
0x008d1f38_drop-113-1,0,0
0x008d1f38_drop-113-2,0,0
0x008d2460_drop-114-1,0,0
0x008d2460_drop-114-2,0,0
0x008d2460_drop-114-3,0,0
0x008d2460_drop-114-4,0,0
0x008d2460_drop-114-5,0,0
0x008d2460_drop-114-6,0,0
0x008d2460_drop-114-7,0,0
0x008d2460_drop-114-8,0,0
0x008d2460_drop-114-9,0,0
0x008d2460_drop-115-1,0,0
0x008d2460_drop-115-2,0,0
0x008d2460_drop-115-3,0,0
0x008d2618_drop-116-1,0,0
0x008d2618_drop-116-2,0,0
0x008d2618_drop-116-3,0,0
0x008d2618_drop-116-4,0,0
0x008d2618_drop-116-5,0,0
0x008d2618_drop-116-6,0,0
0x008d2618_drop-116-7,0,0
0x008d2618_drop-116-8,0,0
0x008d2618_drop-117-1,0,0
0x008d2618_drop-117-2,0,0
0x008d2618_drop-117-3,0,0
0x008d3228_drop-120-1,0,0
0x008d3228_drop-120-2,0,0
0x008d3228_drop-120-3,0,0
0x008d3228_drop-120-4,0,0
0x008d3228_drop-120-5,0,0
0x008d3228_drop-120-6,0,0
0x008d3228_drop-121-1,0,0
0x008d33e0_drop-122-1,0,0
0x008d33e0_drop-122-2,0,0
0x008d33e0_drop-122-3,0,0
0x008d33e0_drop-122-4,0,0
0x008d33e0_drop-122-5,0,0
0x008d33e0_drop-122-6,0,0
0x008d33e0_drop-122-7,0,0
0x008d33e0_drop-123-1,0,0
0x008d33e0_drop-123-2,0,0
0x008d33e0_drop-123-3,0,0
0x008d33e0_drop-123-4,0,0
0x008d3598_drop-124-1,0,0
0x008d3598_drop-124-2,0,0
0x008d3598_drop-124-3,0,0
0x008d3598_drop-124-4,0,0
0x008d3598_drop-124-5,0,0
0x008d3598_drop-124-6,0,0
0x008d3598_drop-124-7,0,0
0x008d3598_drop-124-8,0,0
0x008d3598_drop-124-9,0,0
0x008d3598_drop-124-10,0,0
0x008d3598_drop-125-1,0,0
0x008d3598_drop-125-2,0,0
0x008d3598_drop-125-3,0,0
0x008d3ac0_drop-126-1,0,0
0x008d3ac0_drop-126-2,0,0
0x008d3ac0_drop-126-3,0,0
0x008d3ac0_drop-126-4,0,0
0x008d3ac0_drop-126-5,0,0
0x008d3ac0_drop-126-6,0,0
0x008d3ac0_drop-126-7,0,0
0x008d3ac0_drop-126-8,0,0
0x008d3ac0_drop-126-9,0,0
0x008d3ac0_drop-127-1,0,0
0x008d3ac0_drop-127-2,0,0
0x008d3ac0_drop-127-3,0,0
0x008d3ac0_drop-127-4,0,0
0x008d3ac0_drop-127-5,0,0
0x008d3e30_drop-128-1,0,0
0x008d3e30_drop-128-2,0,0
0x008d3e30_drop-128-3,0,0
0x008d3e30_drop-128-4,0,0
0x008d3e30_drop-128-5,0,0
0x008d3e30_drop-128-6,0,0
0x008d3e30_drop-128-7,0,0
0x008d3e30_drop-129-1,0,0
0x008d3e30_drop-129-2,0,0
0x008d3e30_drop-129-3,0,0
0x008d3e30_drop-129-4,0,0
0x008d3e30_drop-129-5,0,0
0x008d41a0_drop-130-1,0,0
0x008d41a0_drop-130-2,0,0
0x008d41a0_drop-130-3,0,0
0x008d41a0_drop-130-4,0,0
0x008d41a0_drop-130-5,0,0
0x008d41a0_drop-130-6,0,0
0x008d41a0_drop-130-7,0,0
0x008d41a0_drop-130-8,0,0
0x008d41a0_drop-131-1,0,0
0x008d41a0_drop-131-2,0,0
0x008d4358_drop-132-1,0,0
0x008d4358_drop-132-2,0,0
0x008d4358_drop-132-3,0,0
0x008d4358_drop-132-4,0,0
0x008d4358_drop-132-5,0,0
0x008d4358_drop-132-6,0,0
0x008d4358_drop-132-7,0,0
0x008d4358_drop-132-8,0,0
0x008d4358_drop-132-9,0,0
0x008d4358_drop-132-10,0,0
0x008d4358_drop-132-11,0,0
0x008d4510_drop-133-1,0,0
0x008d4510_drop-133-2,0,0
0x008d4510_drop-133-3,0,0
0x008d4510_drop-133-4,0,0
0x008d4510_drop-134-1,0,0
0x008d4510_drop-134-2,0,0
0x008d4510_drop-134-3,0,0
0x008d4510_drop-134-4,0,0
0x008d4880_drop-135-1,0,0
0x008d4880_drop-135-2,0,0
0x008d4880_drop-135-3,0,0
0x008d4880_drop-135-4,0,0
0x008d4880_drop-135-5,0,0
0x008d4880_drop-135-6,0,0
0x008d4880_drop-136-1,0,0
0x008d4880_drop-136-2,0,0
0x008d4bf0_drop-137-1,0,0
0x008d4bf0_drop-137-2,0,0
0x008d4bf0_drop-137-3,0,0
0x008d4bf0_drop-137-4,0,0
0x008d4bf0_drop-137-5,0,0
0x008d4bf0_drop-137-6,0,0
0x008d4bf0_drop-137-7,0,0
0x008d4bf0_drop-137-8,0,0
0x008d4bf0_drop-137-9,0,0
0x008d4bf0_drop-137-10,0,0
0x008d4bf0_drop-137-11,0,0
0x008d4bf0_drop-137-12,0,0
0x008d4bf0_drop-137-13,0,0
0x008d4f60_drop-138-1,0,0
0x008d4f60_drop-138-2,0,0
0x008d4f60_drop-138-3,0,0
0x008d4f60_drop-138-4,0,0
0x008d4f60_drop-138-5,0,0
0x008d4f60_drop-138-6,0,0
0x008d4f60_drop-138-7,0,0
0x008d4f60_drop-138-8,0,0
0x008d4f60_drop-138-9,0,0
0x008d4f60_drop-139-1,0,0
0x008d4f60_drop-139-2,0,0
0x008d4f60_drop-139-3,0,0
0x008d5118_drop-140-1,0,0
0x008d5118_drop-140-2,0,0
0x008d5118_drop-140-3,0,0
0x008d5118_drop-140-4,0,0
0x008d5118_drop-140-5,0,0
0x008d5118_drop-140-6,0,0
0x008d5118_drop-141-1,0,0
0x008d5118_drop-141-2,0,0
0x008d5118_drop-142-1,0,0
0x008d5118_drop-142-2,0,0
0x008d5488_drop-143-1,0,0
0x008d5488_drop-143-2,0,0
0x008d5488_drop-143-3,0,0
0x008d5488_drop-143-4,0,0
0x008d5488_drop-143-5,0,0
0x008d5488_drop-144-1,0,0
0x008d5488_drop-144-2,0,0
0x008d5d20_drop-145-1,0,0
0x008d5d20_drop-145-2,0,0
0x008d5d20_drop-145-3,0,0
0x008d5d20_drop-145-4,0,0
0x008d5d20_drop-145-5,0,0
0x008d5d20_drop-145-6,0,0
0x008d5d20_drop-145-7,0,0
0x008d5d20_drop-145-8,0,0
0x008d5d20_drop-145-9,0,0
0x008d5d20_drop-146-1,0,0
0x008d5d20_drop-146-2,0,0
0x008d5d20_drop-146-3,0,0
0x008d5ed8_drop-147-1,0,0
0x008d5ed8_drop-147-2,0,0
0x008d5ed8_drop-147-3,0,0
0x008d5ed8_drop-147-4,0,0
0x008d5ed8_drop-147-5,0,0
0x008d5ed8_drop-147-6,0,0
0x008d5ed8_drop-147-7,0,0
0x008d5ed8_drop-147-8,0,0
0x008d5ed8_drop-147-9,0,0
0x008d6400_drop-148-1,0,0
0x008d6400_drop-148-2,0,0
0x008d6400_drop-148-3,0,0
0x008d6400_drop-148-4,0,0
0x008d6400_drop-148-5,0,0
0x008d6400_drop-148-6,0,0
0x008d6400_drop-148-7,0,0
0x008d6400_drop-148-8,0,0
0x008d6400_drop-148-9,0,0
0x008d6400_drop-148-10,0,0
0x008d6400_drop-149-1,0,0
0x008d6400_drop-149-2,0,0
0x008d6ae0_drop-150-1,0,0
0x008d6ae0_drop-150-2,0,0
0x008d6ae0_drop-150-3,0,0
0x008d6ae0_drop-150-4,0,0
0x008d6ae0_drop-150-5,0,0
0x008d6ae0_drop-150-6,0,0
0x008d6ae0_drop-150-7,0,0
0x008d6ae0_drop-150-8,0,0
0x008d6ae0_drop-150-9,0,0
0x008d6ae0_drop-150-10,0,0
0x008d6ae0_drop-150-11,0,0
0x008d6ae0_drop-151-1,0,0
0x008d6ae0_drop-151-2,0,0
0x008d6ae0_drop-152-1,0,0
0x008d6ae0_drop-152-2,0,0
0x008d6c98_drop-153-1,0,0
0x008d6c98_drop-153-2,0,0
0x008d6c98_drop-153-3,0,0
0x008d6c98_drop-153-4,0,0
0x008d6c98_drop-153-5,0,0
0x008d6c98_drop-153-6,0,0
0x008d6c98_drop-153-7,0,0
0x008d6c98_drop-153-8,0,0
0x008d6c98_drop-154-1,0,0
0x008d6c98_drop-154-2,0,0
0x008d7008_drop-155-1,0,0
0x008d7008_drop-155-2,0,0
0x008d7008_drop-155-3,0,0
0x008d7008_drop-155-4,0,0
0x008d7008_drop-155-5,0,0
0x008d7008_drop-156-1,0,0
0x008d78a0_drop-157-1,0,0
0x008d78a0_drop-157-2,0,0
0x008d78a0_drop-157-3,0,0
0x008d78a0_drop-157-4,0,0
0x008d78a0_drop-157-5,0,0
0x008d78a0_drop-157-6,0,0
0x008d78a0_drop-157-7,0,0
0x008d78a0_drop-157-8,0,0
0x008d78a0_drop-158-1,0,0
0x008d78a0_drop-158-2,0,0
0x008d78a0_drop-158-3,0,0
0x008d7c10_drop-159-1,0,0
0x008d7c10_drop-159-2,0,0
0x008d7c10_drop-159-3,0,0
0x008d7c10_drop-159-4,0,0
0x008d7c10_drop-159-5,0,0
0x008d7c10_drop-159-6,0,0
0x008d7c10_drop-159-7,0,0
0x008d7c10_drop-159-8,0,0
0x008d7c10_drop-159-9,0,0
0x008d7c10_drop-160-1,0,0
0x008d7c10_drop-160-2,0,0
0x008d7dc8_drop-161-1,0,0
0x008d7dc8_drop-161-2,0,0
0x008d7dc8_drop-161-3,0,0
0x008d7dc8_drop-161-4,0,0
0x008d7dc8_drop-161-5,0,0
0x008d7dc8_drop-161-6,0,0
0x008d7dc8_drop-161-7,0,0
0x008d7dc8_drop-161-8,0,0
0x008d7dc8_drop-161-9,0,0
0x008d7dc8_drop-161-10,0,0
0x008d7dc8_drop-161-11,0,0
0x008d7dc8_drop-162-1,0,0
0x008d8138_drop-163-1,0,0
0x008d8138_drop-163-2,0,0
0x008d8138_drop-163-3,0,0
0x008d8138_drop-163-4,0,0
0x008d8138_drop-163-5,0,0
0x008d8138_drop-163-6,0,0
0x008d8138_drop-164-1,0,0
0x008d8138_drop-164-2,0,0
0x008d82f0_drop-165-1,0,0
0x008d82f0_drop-165-2,0,0
0x008d82f0_drop-165-3,0,0
0x008d82f0_drop-165-4,0,0
0x008d82f0_drop-165-5,0,0
0x008d82f0_drop-166-1,0,0
0x008d82f0_drop-166-2,0,0
0x008d82f0_drop-166-3,0,0
0x008d8660_drop-167-1,0,0
0x008d8660_drop-167-2,0,0
0x008d8660_drop-167-3,0,0
0x008d8660_drop-167-4,0,0
0x008d8660_drop-167-5,0,0
0x008d8660_drop-167-6,0,0
0x008d8660_drop-167-7,0,0
0x008d8660_drop-167-8,0,0
0x008d8660_drop-167-9,0,0
0x008d8660_drop-168-1,0,0
0x008d89d0_drop-169-1,0,0
0x008d89d0_drop-169-2,0,0
0x008d89d0_drop-169-3,0,0
0x008d89d0_drop-169-4,0,0
0x008d89d0_drop-169-5,0,0
0x008d89d0_drop-169-6,0,0
0x008d89d0_drop-169-7,0,0
0x008d89d0_drop-169-8,0,0
0x008d89d0_drop-169-9,0,0
0x008d89d0_drop-169-10,0,0
0x008d8d40_drop-170-1,0,0
0x008d8d40_drop-170-2,0,0
0x008d8d40_drop-170-3,0,0
0x008d8d40_drop-170-4,0,0
0x008d8d40_drop-170-5,0,0
0x008d8d40_drop-171-1,0,0
0x008d9678_drop-172-1,0,0
0x008d9678_drop-172-2,0,0
0x008d9678_drop-172-3,0,0
0x008d9678_drop-172-4,0,0
0x008d9678_drop-172-5,0,0
0x008d9678_drop-173-1,0,0
0x008d9678_drop-173-2,0,0
0x008d9830_drop-174-1,0,0
0x008d9830_drop-174-2,0,0
0x008d9830_drop-174-3,0,0
0x008d9830_drop-174-4,0,0
0x008d9830_drop-174-5,0,0
0x008d9830_drop-174-6,0,0
0x008d9830_drop-174-7,0,0
0x008d9ba0_drop-175-1,0,0
0x008d9ba0_drop-175-2,0,0
0x008d9ba0_drop-175-3,0,0
0x008d9ba0_drop-175-4,0,0
0x008d9ba0_drop-175-5,0,0
0x008d9ba0_drop-176-1,0,0
0x008d9ba0_drop-176-2,0,0
0x008da438_drop-177-1,0,0
0x008da438_drop-177-2,0,0
0x008da438_drop-177-3,0,0
0x008da438_drop-177-4,0,0
0x008da438_drop-177-5,0,0
0x008da438_drop-177-6,0,0
0x008da438_drop-177-7,0,0
0x008da438_drop-177-8,0,0
0x008da438_drop-178-1,0,0
0x008da5f0_drop-179-1,0,0
0x008da5f0_drop-179-2,0,0
0x008da5f0_drop-179-3,0,0
0x008da5f0_drop-179-4,0,0
0x008da5f0_drop-179-5,0,0
0x008da5f0_drop-179-6,0,0
0x008da5f0_drop-179-7,0,0
0x008da5f0_drop-179-8,0,0
0x008da5f0_drop-179-9,0,0
0x008da5f0_drop-179-10,0,0
0x008da5f0_drop-179-11,0,0
0x008da5f0_drop-179-12,0,0
0x008da7a8_drop-180-1,0,0
0x008da7a8_drop-180-2,0,0
0x008da7a8_drop-180-3,0,0
0x008da7a8_drop-180-4,0,0
0x008da7a8_drop-180-5,0,0
0x008da7a8_drop-180-6,0,0
0x008da7a8_drop-180-7,0,0
0x008da7a8_drop-180-8,0,0
0x008da7a8_drop-180-9,0,0
0x008da7a8_drop-181-1,0,0
0x008da960_drop-182-1,0,0
0x008da960_drop-182-2,0,0
0x008da960_drop-182-3,0,0
0x008da960_drop-182-4,0,0
0x008da960_drop-182-5,0,0
0x008dacd0_drop-183-1,0,0
0x008dacd0_drop-183-2,0,0
0x008dacd0_drop-183-3,0,0
0x008dacd0_drop-183-4,0,0
0x008dacd0_drop-183-5,0,0
0x008dacd0_drop-183-6,0,0
0x008dacd0_drop-183-7,0,0
0x008dacd0_drop-183-8,0,0
0x008dacd0_drop-184-1,0,0
0x008db040_drop-185-1,0,0
0x008db040_drop-185-2,0,0
0x008db040_drop-185-3,0,0
0x008db040_drop-185-4,0,0
0x008db040_drop-185-5,0,0
0x008db040_drop-185-6,0,0
0x008db040_drop-185-7,0,0
0x008db040_drop-186-1,0,0
0x008db568_drop-187-1,0,0
0x008db568_drop-187-2,0,0
0x008db568_drop-187-3,0,0
0x008db568_drop-187-4,0,0
0x008db568_drop-187-5,0,0
0x008db568_drop-187-6,0,0
0x008db568_drop-187-7,0,0
0x008db568_drop-188-1,0,0
0x008db8d8_drop-189-1,0,0
0x008db8d8_drop-189-2,0,0
0x008db8d8_drop-189-3,0,0
0x008db8d8_drop-189-4,0,0
0x008db8d8_drop-190-1,0,0
0x008db8d8_drop-190-2,0,0
0x008db8d8_drop-190-3,0,0
0x008dbc48_drop-191-1,0,0
0x008dbc48_drop-191-2,0,0
0x008dbc48_drop-191-3,0,0
0x008dbc48_drop-191-4,0,0
0x008dbc48_drop-191-5,0,0
0x008dbc48_drop-191-6,0,0
0x008dbfb8_drop-192-1,0,0
0x008dbfb8_drop-192-2,0,0
0x008dbfb8_drop-192-3,0,0
0x008dbfb8_drop-192-4,0,0
0x008dbfb8_drop-192-5,0,0
0x008dbfb8_drop-192-6,0,0
0x008dc4e8_drop-193-1,0,0
0x008dc4e8_drop-193-2,0,0
0x008dc4e8_drop-193-3,0,0
0x008dc4e8_drop-193-4,0,0
0x008dc4e8_drop-193-5,0,0
0x008dc4e8_drop-193-6,0,0
0x008dc4e8_drop-193-7,0,0
0x008dc4e8_drop-193-8,0,0
0x008dc4e8_drop-194-1,0,0
0x008dc4e8_drop-194-2,0,0
0x008dc858_drop-195-1,0,0
0x008dc858_drop-195-2,0,0
0x008dc858_drop-195-3,0,0
0x008dc858_drop-195-4,0,0
0x008dc858_drop-195-5,0,0
0x008dc858_drop-195-6,0,0
0x008dc858_drop-195-7,0,0
0x008dc858_drop-195-8,0,0
0x008dc858_drop-195-9,0,0
0x008dc858_drop-195-10,0,0
0x008dc858_drop-195-11,0,0
0x008dc858_drop-196-1,0,0
0x008dc858_drop-196-2,0,0
0x008dc858_drop-196-3,0,0
0x008dc858_drop-196-4,0,0
0x008dcbc8_drop-197-1,0,0
0x008dcbc8_drop-197-2,0,0
0x008dcbc8_drop-197-3,0,0
0x008dcbc8_drop-197-4,0,0
0x008dcbc8_drop-197-5,0,0
0x008dcbc8_drop-197-6,0,0
0x008dcbc8_drop-197-7,0,0
0x008dcbc8_drop-197-8,0,0
0x008dcbc8_drop-197-9,0,0
0x008dcbc8_drop-198-1,0,0
0x008dcbc8_drop-198-2,0,0
0x008dcbc8_drop-198-3,0,0
0x008dcbc8_drop-198-4,0,0
0x008dd0f0_drop-199-1,0,0
0x008dd0f0_drop-199-2,0,0
0x008dd0f0_drop-199-3,0,0
0x008dd0f0_drop-199-4,0,0
0x008dd0f0_drop-199-5,0,0
0x008dd0f0_drop-199-6,0,0
0x008dd0f0_drop-199-7,0,0
0x008dd0f0_drop-199-8,0,0
0x008dd0f0_drop-199-9,0,0
0x008dd0f0_drop-199-10,0,0
0x008dd0f0_drop-199-11,0,0
0x008dd0f0_drop-200-1,0,0
0x008dd0f0_drop-200-2,0,0
0x008dd0f0_drop-201-1,0,0
0x008dd618_drop-202-1,0,0
0x008dd618_drop-202-2,0,0
0x008dd618_drop-202-3,0,0
0x008dd618_drop-202-4,0,0
0x008dd618_drop-202-5,0,0
0x008dd618_drop-202-6,0,0
0x008dd618_drop-202-7,0,0
0x008dd618_drop-202-8,0,0
0x008dd618_drop-202-9,0,0
0x008dd618_drop-203-1,0,0
0x008dd618_drop-203-2,0,0
0x008dd7d0_drop-204-1,0,0
0x008dd7d0_drop-204-2,0,0
0x008dd7d0_drop-204-3,0,0
0x008dd7d0_drop-204-4,0,0
0x008dd7d0_drop-204-5,0,0
0x008dd7d0_drop-204-6,0,0
0x008dd7d0_drop-204-7,0,0
0x008dd7d0_drop-204-8,0,0
0x008dd7d0_drop-204-9,0,0
0x008dd7d0_drop-204-10,0,0
0x008ddeb0_drop-205-1,0,0
0x008ddeb0_drop-205-2,0,0
0x008de598_drop-206-1,0,0
0x008de598_drop-206-2,0,0
0x008de598_drop-206-3,0,0
0x008de598_drop-206-4,0,0
0x008de598_drop-206-5,0,0
0x008de598_drop-206-6,0,0
0x008de598_drop-206-7,0,0
0x008de598_drop-206-8,0,0
0x008de598_drop-206-9,0,0
0x008de598_drop-206-10,0,0
0x008de598_drop-207-1,0,0
0x008de598_drop-207-2,0,0
0x008dec78_drop-208-1,0,0
0x008dec78_drop-208-2,0,0
0x008dec78_drop-208-3,0,0
0x008dec78_drop-208-4,0,0
0x008dec78_drop-208-5,0,0
0x008dec78_drop-208-6,0,0
0x008dec78_drop-208-7,0,0
0x008dec78_drop-209-1,0,0
0x008dec78_drop-209-2,0,0
0x008dee30_drop-210-1,0,0
0x008dee30_drop-210-2,0,0
0x008dee30_drop-211-1,0,0
0x008dee30_drop-211-2,0,0
0x008df1a0_drop-212-1,0,0
0x008df1a0_drop-212-2,0,0
0x008df1a0_drop-212-3,0,0
0x008df1a0_drop-212-4,0,0
0x008df1a0_drop-212-5,0,0
0x008df1a0_drop-212-6,0,0
0x008df1a0_drop-213-1,0,0
0x008df510_drop-214-1,0,0
0x008df510_drop-214-2,0,0
0x008df510_drop-214-3,0,0
0x008df6c8_drop-215-1,0,0
0x008df6c8_drop-215-2,0,0
0x008df6c8_drop-215-3,0,0
0x008df6c8_drop-215-4,0,0
0x008df6c8_drop-215-5,0,0
0x008df6c8_drop-216-1,0,0
0x008df6c8_drop-217-1,0,0
0x008dfbf0_drop-218-1,0,0
0x008dfbf0_drop-218-2,0,0
0x008dfbf0_drop-218-3,0,0
0x008dfbf0_drop-218-4,0,0
0x008dfbf0_drop-218-5,0,0
0x008dfbf0_drop-218-6,0,0
0x008dfbf0_drop-218-7,0,0
0x008dfbf0_drop-218-8,0,0
0x008dfbf0_drop-218-9,0,0
0x008dfbf0_drop-218-10,0,0
0x008dfbf0_drop-218-11,0,0
0x008dfbf0_drop-218-12,0,0
0x008dff60_drop-219-1,0,0
0x008dff60_drop-219-2,0,0
0x008dff60_drop-219-3,0,0
0x008dff60_drop-219-4,0,0
0x008dff60_drop-219-5,0,0
0x008dff60_drop-219-6,0,0
0x008dff60_drop-220-1,0,0
0x008e2750_drop-221-1,0,0
0x008e2750_drop-221-2,0,0
0x008e2750_drop-221-3,0,0
0x008e2750_drop-221-4,0,0
0x008e2750_drop-222-1,0,0
0x008e2750_drop-222-2,0,0
0x008e2ac0_drop-223-1,0,0
0x008e2ac0_drop-223-2,0,0
0x008e2ac0_drop-223-3,0,0
0x008e2ac0_drop-223-4,0,0
0x008e2ac0_drop-223-5,0,0
0x008e2ac0_drop-223-6,0,0
0x008e2fe8_drop-224-1,0,0
0x008e2fe8_drop-224-2,0,0
0x008e2fe8_drop-224-3,0,0
0x008e2fe8_drop-224-4,0,0
0x008e2fe8_drop-224-5,0,0
0x008e2fe8_drop-224-6,0,0
0x008e2fe8_drop-224-7,0,0
0x008e2fe8_drop-224-8,0,0
0x008e2fe8_drop-224-9,0,0
0x008e2fe8_drop-224-10,0,0
0x008e2fe8_drop-224-11,0,0
0x008e2fe8_drop-224-12,0,0
0x008e2fe8_drop-225-1,0,0
0x008e3510_drop-226-1,0,0
0x008e3510_drop-226-2,0,0
0x008e3510_drop-226-3,0,0
0x008e3510_drop-226-4,0,0
0x008e3510_drop-226-5,0,0
0x008e3510_drop-227-1,0,0
0x008e4300_drop-228-1,0,0
0x008e4300_drop-228-2,0,0
0x008e4300_drop-228-3,0,0
0x008e4300_drop-228-4,0,0
0x008e4300_drop-228-5,0,0
0x008e4300_drop-228-6,0,0
0x008e4300_drop-228-7,0,0
0x008e4300_drop-228-8,0,0
0x008e4300_drop-228-9,0,0
0x008e4300_drop-229-1,0,0
0x008e4300_drop-229-2,0,0
0x008e4300_drop-229-3,0,0
0x008e44b8_drop-230-1,0,0
0x008e44b8_drop-230-2,0,0
0x008e44b8_drop-230-3,0,0
0x008e44b8_drop-230-4,0,0
0x008e44b8_drop-231-1,0,0
0x008e49e0_drop-232-1,0,0
0x008e49e0_drop-232-2,0,0
0x008e49e0_drop-232-3,0,0
0x008e49e0_drop-232-4,0,0
0x008e49e0_drop-232-5,0,0
0x008e49e0_drop-232-6,0,0
0x008e49e0_drop-232-7,0,0
0x008e49e0_drop-232-8,0,0
0x008e49e0_drop-232-9,0,0
0x008e49e0_drop-232-10,0,0
0x008e49e0_drop-232-11,0,0
0x008e49e0_drop-232-12,0,0
0x008e49e0_drop-232-13,0,0
0x008e5278_drop-233-1,0,0
0x008e5278_drop-233-2,0,0
0x008e5278_drop-233-3,0,0
0x008e5278_drop-233-4,0,0
0x008e5278_drop-233-5,0,0
0x008e5278_drop-233-6,0,0
0x008e5278_drop-233-7,0,0
0x008e5278_drop-233-8,0,0
0x008e6560_drop-234-1,0,0
0x008e6560_drop-234-2,0,0
0x008e6560_drop-234-3,0,0
0x008e6560_drop-234-4,0,0
0x008e6560_drop-234-5,0,0
0x008e6560_drop-235-1,0,0
0x008e6560_drop-235-2,0,0
0x008e68d0_drop-236-1,0,0
0x008e68d0_drop-236-2,0,0
0x008e68d0_drop-236-3,0,0
0x008e68d0_drop-236-4,0,0
0x008e7168_drop-238-1,0,0
0x008e7168_drop-238-2,0,0
0x008e7168_drop-238-3,0,0
0x008e7168_drop-238-4,0,0
0x008e7168_drop-238-5,0,0
0x008e7168_drop-238-6,0,0
0x008e7168_drop-238-7,0,0
0x008e7168_drop-238-8,0,0
0x008e7168_drop-238-9,0,0
0x008e7168_drop-238-10,0,0
0x008e7168_drop-238-11,0,0
0x008e7168_drop-238-12,0,0
0x008e7320_drop-239-1,0,0
0x008e7320_drop-239-2,0,0
0x008e7320_drop-239-3,0,0
0x008e7320_drop-239-4,0,0
0x008e7320_drop-239-5,0,0
0x008e7320_drop-239-6,0,0
0x008e7320_drop-240-1,0,0
0x008e74d8_drop-241-1,0,0
0x008e74d8_drop-241-2,0,0
0x008e74d8_drop-241-3,0,0
0x008e74d8_drop-241-4,0,0
0x008e74d8_drop-241-5,0,0
0x008e74d8_drop-241-6,0,0
0x008e74d8_drop-241-7,0,0
0x008e74d8_drop-241-8,0,0
0x008e74d8_drop-241-9,0,0
0x008e74d8_drop-241-10,0,0
0x008e74d8_drop-242-1,0,0
0x008e74d8_drop-242-2,0,0
0x008e74d8_drop-242-3,0,0
0x008e7848_drop-243-1,0,0
0x008e7848_drop-243-2,0,0
0x008e7848_drop-243-3,0,0
0x008e7848_drop-243-4,0,0
0x008e7d70_drop-245-1,0,0
0x008e7f28_drop-246-1,0,0
0x008e7f28_drop-246-2,0,0
0x008e7f28_drop-246-3,0,0
0x008e7f28_drop-246-4,0,0
0x008e7f28_drop-246-5,0,0
0x008e7f28_drop-246-6,0,0
0x008e7f28_drop-246-7,0,0
0x008e7f28_drop-246-8,0,0
0x008e7f28_drop-247-1,0,0
0x008e7f28_drop-247-2,0,0
0x008e7f28_drop-247-3,0,0
0x008e7f28_drop-247-4,0,0
0x008e7f28_drop-247-5,0,0
0x008e8450_drop-248-1,0,0
0x008e8450_drop-248-2,0,0
0x008e8450_drop-248-3,0,0
0x008e8450_drop-248-4,0,0
0x008e8450_drop-248-5,0,0
0x008e8450_drop-248-6,0,0
0x008e8450_drop-248-7,0,0
0x008e8450_drop-249-1,0,0
0x008e87c0_drop-250-1,0,0
0x008e87c0_drop-250-2,0,0
0x008e87c0_drop-250-3,0,0
0x008e87c0_drop-250-4,0,0
0x008e87c0_drop-250-5,0,0
0x008e87c0_drop-250-6,0,0
0x008e87c0_drop-250-7,0,0
0x008e87c0_drop-250-8,0,0
0x008e87c0_drop-250-9,0,0
0x008e87c0_drop-250-10,0,0
0x008e87c0_drop-250-11,0,0
0x008e87c0_drop-250-12,0,0
0x008e8978_drop-251-1,0,0
0x008e8978_drop-251-2,0,0
0x008e8978_drop-251-3,0,0
0x008e8978_drop-251-4,0,0
0x008e8978_drop-251-5,0,0
0x008e8978_drop-251-6,0,0
0x008e8978_drop-251-7,0,0
0x008e8978_drop-251-8,0,0
0x008e8978_drop-251-9,0,0
0x008e8978_drop-251-10,0,0
0x008e8978_drop-251-11,0,0
0x008e8978_drop-251-12,0,0
0x008e8b30_drop-252-1,0,0
0x008e8b30_drop-252-2,0,0
0x008e8b30_drop-252-3,0,0
0x008e8b30_drop-252-4,0,0
0x008e8b30_drop-252-5,0,0
0x008e8b30_drop-252-6,0,0
0x008e8b30_drop-252-7,0,0
0x008e8b30_drop-252-8,0,0
0x008e8b30_drop-252-9,0,0
0x008e8b30_drop-252-10,0,0
0x008e8b30_drop-252-11,0,0
0x008e8b30_drop-252-12,0,0
0x008e8b30_drop-253-1,0,0
0x008e8b30_drop-253-2,0,0
0x008e8b30_drop-253-3,0,0
0x008e8ce8_drop-254-1,0,0
0x008e8ce8_drop-254-2,0,0
0x008e8ce8_drop-254-3,0,0
0x008e8ce8_drop-254-4,0,0
0x008e8ce8_drop-254-5,0,0
0x008e8ce8_drop-254-6,0,0
0x008e8ce8_drop-254-7,0,0
0x008e8ce8_drop-254-8,0,0
0x008e8ce8_drop-254-9,0,0
0x008e8ce8_drop-254-10,0,0
0x008e8ce8_drop-254-11,0,0
0x008e8ce8_drop-254-12,0,0
0x008e8ce8_drop-255-1,0,0
0x008e93c8_drop-256-1,0,0
0x008e93c8_drop-256-2,0,0
0x008e93c8_drop-256-3,0,0
0x008e93c8_drop-256-4,0,0
0x008e93c8_drop-256-5,0,0
0x008e93c8_drop-256-6,0,0
0x008e93c8_drop-256-7,0,0
0x008e93c8_drop-256-8,0,0
0x008e93c8_drop-256-9,0,0
0x008e93c8_drop-256-10,0,0
0x008e93c8_drop-257-1,0,0
0x008e93c8_drop-257-2,0,0
0x008e9c60_drop-258-1,0,0
0x008e9c60_drop-258-2,0,0
0x008e9c60_drop-258-3,0,0
0x008e9e18_drop-259-1,0,0
0x008e9e18_drop-259-2,0,0
0x008e9e18_drop-259-3,0,0
0x008e9e18_drop-259-4,0,0
0x008e9e18_drop-259-5,0,0
0x008e9e18_drop-259-6,0,0
0x008e9e18_drop-259-7,0,0
0x008e9e18_drop-259-8,0,0
0x008e9e18_drop-259-9,0,0
0x008e9e18_drop-259-10,0,0
0x008e9e18_drop-259-11,0,0
0x008e9e18_drop-260-1,0,0
0x008e9e18_drop-260-2,0,0
0x008ea188_drop-261-1,0,0
0x008ea188_drop-261-2,0,0
0x008ea188_drop-261-3,0,0
0x008ea188_drop-261-4,0,0
0x008ea188_drop-261-5,0,0
0x008ea188_drop-261-6,0,0
0x008eaa20_drop-262-1,0,0
0x008eaa20_drop-262-2,0,0
0x008eaa20_drop-262-3,0,0
0x008eaa20_drop-262-4,0,0
0x008eaa20_drop-262-5,0,0
0x008eaa20_drop-262-6,0,0
0x008eaa20_drop-262-7,0,0
0x008eaa20_drop-262-8,0,0
0x008eaa20_drop-262-9,0,0
0x008eaa20_drop-262-10,0,0
0x008eaa20_drop-262-11,0,0
0x008eaa20_drop-262-12,0,0
0x008eaa20_drop-262-13,0,0
0x008eaa20_drop-262-14,0,0
0x008eb2b8_drop-263-1,0,0
0x008eb2b8_drop-263-2,0,0
0x008eb2b8_drop-263-3,0,0
0x008eb2b8_drop-264-1,0,0
0x008eb470_drop-265-1,0,0
0x008eb470_drop-265-2,0,0
0x008eb470_drop-265-3,0,0
0x008eb470_drop-265-4,0,0
0x008eb470_drop-265-5,0,0
0x008eb470_drop-266-1,0,0
0x008eb470_drop-266-2,0,0
0x008eb470_drop-266-3,0,0
0x008eb470_drop-267-1,0,0
0x008eb7e0_drop-268-1,0,0
0x008eb7e0_drop-268-2,0,0
0x008eb7e0_drop-268-3,0,0
0x008eb7e0_drop-268-4,0,0
0x008eb7e0_drop-268-5,0,0
0x008eb7e0_drop-268-6,0,0
0x008eb7e0_drop-268-7,0,0
0x008eb7e0_drop-268-8,0,0
0x008eb7e0_drop-269-1,0,0
0x008eb7e0_drop-269-2,0,0
0x008eb998_drop-270-1,0,0
0x008eb998_drop-270-2,0,0
0x008eb998_drop-270-3,0,0
0x008eb998_drop-271-1,0,0
0x008ed358_drop-272-1,0,0
0x008ed358_drop-272-2,0,0
0x008ed358_drop-272-3,0,0
0x008ed358_drop-272-4,0,0
0x008ed358_drop-272-5,0,0
0x008ed358_drop-272-6,0,0
0x008ed358_drop-273-1,0,0
0x008ed358_drop-273-2,0,0
0x008eda38_drop-274-1,0,0
0x008eda38_drop-274-2,0,0
0x008eda38_drop-274-3,0,0
0x008eda38_drop-274-4,0,0
0x008eda38_drop-274-5,0,0
0x008eda38_drop-274-6,0,0
0x008eda38_drop-274-7,0,0
0x008eda38_drop-274-8,0,0
0x008eda38_drop-274-9,0,0
0x008eda38_drop-274-10,0,0
0x008eda38_drop-274-11,0,0
0x008eda38_drop-274-12,0,0
0x008eda38_drop-274-13,0,0
0x008eda38_drop-274-14,0,0
0x008eda38_drop-274-15,0,0
0x008eda38_drop-275-1,0,0
0x008ee520_drop-276-1,0,0
0x008ee520_drop-276-2,0,0
0x008ee520_drop-276-3,0,0
0x008ee520_drop-276-4,0,0
0x008ee520_drop-277-1,0,0
0x008ee520_drop-277-2,0,0
0x008f2830_drop-278-1,0,0
0x008f2830_drop-278-2,0,0
0x008f2830_drop-278-3,0,0
0x008f2830_drop-278-4,0,0
0x008f2830_drop-278-5,0,0
0x008f2830_drop-278-6,0,0
0x008f2830_drop-278-7,0,0
0x008f2830_drop-278-8,0,0
0x008f2830_drop-278-9,0,0
0x008f2830_drop-279-1,0,0
0x008f2830_drop-279-2,0,0
0x008f2830_drop-279-3,0,0
0x008f2830_drop-279-4,0,0
0x008f2830_drop-279-5,0,0
0x008f3960_drop-280-1,0,0
0x008f3960_drop-280-2,0,0
0x008f3960_drop-280-3,0,0
0x008f3960_drop-280-4,0,0
0x008f3960_drop-280-5,0,0
0x008f3960_drop-280-6,0,0
0x008f3960_drop-280-7,0,0
0x008f3960_drop-280-8,0,0
0x0089e678_drop-17-1,0,0
0x008d3070_drop-118-1,0,0
0x008d3070_drop-119-1,0,0
0x008e6fb0_drop-237-1,0,0
0x008e6fb0_drop-237-2,0,0
0x008e7a00_drop-244-1,0,0
0x008ddeb0_s,0,0
0x008dcbc8_s,0,0
0x008dd0f0_s,0,0
0x008e7f28_s,0,0
0x0089eba0_s,0,0
0x0089f280_s,0,0
0x008c7a18_s,0,0
0x008ca358_s,0,0
0x008ca6c8_s,0,0
0x008c9070_s,0,0
0x008dee30_s,0,0
0x008e8450_s,0,0
0x008c4d68_s,0,0
0x008df6c8_s,0,0
0x008e8978_s,0,0
0x008e87c0_s,0,0
0x008da5f0_s,0,0
0x008ea188_s,0,0
0x008e9e18_s,0,0
0x008dbc48_s,0,0
0x008dfbf0_s,0,0
0x008d0398_s,0,0
0x008c5290_s,0,0
0x008c4bb0_s,0,0
0x008dbfb8_s,0,0
0x0089dde0_s,0,0
0x0089d700_s,0,0
0x0089e4c0_s,0,0
0x008c5970_s,0,0
0x0089d020_s,0,0
0x008c2b70_s,0,0
0x008c2490_s,0,0
0x0089bf70_s,0,0
0x008c2648_s,0,0
0x008f3960_s,0,0
0x008c7338_s,0,0
0x0089c260_s,0,0
0x008e49e0_s,0,0
0x0089c940_s,0,0
0x008b8108_s,0,0
0x008e44b8_s,0,0
0x008db8d8_s,0,0
0x008d9678_s,0,0
0x008dd7d0_s,0,0
0x008d2618_s,0,0
0x008e74d8_s,0,0
0x008e5278_s,0,0
0x008eda38_s,0,0
0x008d7dc8_s,0,0
0x008df1a0_s,0,0
0x008e8ce8_s,0,0
0x008e6560_s,0,0
0x008e7168_s,0,0
0x008e93c8_s,0,0
0x008e7320_s,0,0
0x008e7848_s,0,0
0x008e4300_s,0,0
0x008e2750_s,0,0
0x008e2ac0_s,0,0
0x008eb998_s,0,0
0x008eb2b8_s,0,0
0x008ed358_s,0,0
0x008e2fe8_s,0,0
0x008e3510_s,0,0
0x008e68d0_s,0,0
0x008e9c60_s,0,0
0x008df510_s,0,0
0x008e7d70_s,0,0
0x008ce818_s,0,0
0x008d3ac0_s,0,0
0x008cd8a0_s,0,0
0x008de598_s,0,0
0x008d3598_s,0,0
0x008d33e0_s,0,0
0x008d4510_s,0,0
0x008d4880_s,0,0
0x008d4f60_s,0,0
0x008d5d20_s,0,0
0x008d6400_s,0,0
0x008d5488_s,0,0
0x008d4bf0_s,0,0
0x008d0de8_s,0,0
0x008cce50_s,0,0
0x008d3e30_s,0,0
0x008d14e8_s,0,0
0x008d1f38_s,0,0
0x008dd618_s,0,0
0x008dff60_s,0,0
0x008ee520_s,0,0
0x008cb488_s,0,0
0x008c8990_s,0,0
0x008cada8_s,0,0
0x008dc858_s,0,0
0x008d0708_s,0,0
0x008e8b30_s,0,0
0x008c7860_s,0,0
0x008cc090_s,0,0
0x008cd530_s,0,0
0x008cdc10_s,0,0
0x008ce138_s,0,0
0x008da7a8_s,0,0
0x008d01e0_s,0,0
0x008cb9b0_s,0,0
0x008cc770_s,0,0
0x008cf0b0_s,0,0
0x008c50d8_s,0,0
0x008cf790_s,0,0
0x008cfe70_s,0,0
0x008c6fc8_s,0,0
0x008c8eb8_s,0,0
0x008f2830_s,0,0
0x008d1330_s,0,0
0x008d8660_s,0,0
0x008d4358_s,0,0
0x008d1bc8_s,0,0
0x008d6ae0_s,0,0
0x008d41a0_s,0,0
0x008eaa20_s,0,0
0x008d3228_s,0,0
0x008ce2f0_s,0,0
0x008c8b48_s,0,0
0x008cf5d8_s,0,0
0x008dc4e8_s,0,0
0x008d2460_s,0,0
0x008d5ed8_s,0,0
0x008cd6e8_s,0,0
0x008b8d10_s,0,0
0x008eb470_s,0,0
0x008d5118_s,0,0
0x008d82f0_s,0,0
0x00899528_s,0,0
0x008d6c98_s,0,0
0x008d7008_s,0,0
0x008c93e0_s,0,0
0x008d8d40_s,0,0
0x008d78a0_s,0,0
0x008d7c10_s,0,0
0x008eb7e0_s,0,0
0x008d8138_s,0,0
0x008d89d0_s,0,0
0x008dec78_s,0,0
0x008996e0_s,0,0
0x008d9830_s,0,0
0x008d9ba0_s,0,0
0x008d08c0_s,0,0
0x008da438_s,0,0
0x008da960_s,0,0
0x008dacd0_s,0,0
0x008db568_s,0,0
0x008db040_s,0,0
0x008e6fb0_s,0,0
0x008e7a00_s,0,0
0x0089e678_s,0,0
0x008d3070_s,0,0
0x00899528_snd-1,0,0
0x00899528_snd-2,0,0
0x00899528_snd-3,0,0
0x008996e0_snd-1,0,0
0x008996e0_snd-2,0,0
0x008996e0_snd-3,0,0
0x008996e0_snd-4,0,0
0x0089bf70_snd-1,0,0
0x0089bf70_snd-2,0,0
0x0089c260_snd-1,0,0
0x0089c260_snd-2,0,0
0x0089c940_snd-1,0,0
0x0089c940_snd-2,0,0
0x0089d020_snd-1,0,0
0x0089d020_snd-2,0,0
0x0089d700_snd-1,0,0
0x0089d700_snd-2,0,0
0x0089dde0_snd-1,0,0
0x0089dde0_snd-2,0,0
0x0089e4c0_snd-1,0,0
0x0089e4c0_snd-2,0,0
0x0089eba0_snd-1,0,0
0x0089eba0_snd-2,0,0
0x0089eba0_snd-3,0,0
0x0089eba0_snd-4,0,0
0x0089eba0_snd-5,0,0
0x0089eba0_snd-6,0,0
0x0089eba0_snd-7,0,0
0x0089eba0_snd-8,0,0
0x0089eba0_snd-9,0,0
0x0089f280_snd-1,0,0
0x0089f280_snd-2,0,0
0x0089f280_snd-3,0,0
0x0089f280_snd-4,0,0
0x0089f280_snd-5,0,0
0x0089f280_snd-6,0,0
0x0089f280_snd-7,0,0
0x0089f280_snd-8,0,0
0x008b8d10_snd-1,0,0
0x008b8d10_snd-2,0,0
0x008b8d10_snd-3,0,0
0x008b8d10_snd-4,0,0
0x008b8d10_snd-5,0,0
0x008c2490_snd-1,0,0
0x008c2490_snd-2,0,0
0x008c2648_snd-1,0,0
0x008c2648_snd-2,0,0
0x008c2b70_snd-1,0,0
0x008c2b70_snd-2,0,0
0x008c4bb0_snd-1,0,0
0x008c4bb0_snd-2,0,0
0x008c4d68_snd-1,0,0
0x008c4d68_snd-2,0,0
0x008c50d8_snd-1,0,0
0x008c50d8_snd-2,0,0
0x008c50d8_snd-3,0,0
0x008c50d8_snd-4,0,0
0x008c50d8_snd-5,0,0
0x008c5290_snd-1,0,0
0x008c5290_snd-2,0,0
0x008c5970_snd-1,0,0
0x008c5970_snd-2,0,0
0x008c6fc8_snd-1,0,0
0x008c6fc8_snd-2,0,0
0x008c7338_snd-1,0,0
0x008c7338_snd-2,0,0
0x008c7860_snd-1,0,0
0x008c7860_snd-2,0,0
0x008c7860_snd-3,0,0
0x008c7860_snd-4,0,0
0x008c7860_snd-5,0,0
0x008c7860_snd-6,0,0
0x008c7860_snd-7,0,0
0x008c7860_snd-8,0,0
0x008c7a18_snd-1,0,0
0x008c7a18_snd-2,0,0
0x008c7a18_snd-3,0,0
0x008c7a18_snd-4,0,0
0x008c7a18_snd-5,0,0
0x008c7a18_snd-6,0,0
0x008c7a18_snd-7,0,0
0x008c7a18_snd-8,0,0
0x008c7a18_snd-9,0,0
0x008c7a18_snd-10,0,0
0x008c8990_snd-1,0,0
0x008c8990_snd-2,0,0
0x008c8990_snd-3,0,0
0x008c8990_snd-4,0,0
0x008c8990_snd-5,0,0
0x008c8990_snd-6,0,0
0x008c8990_snd-7,0,0
0x008c8b48_snd-1,0,0
0x008c8b48_snd-2,0,0
0x008c8b48_snd-3,0,0
0x008c8b48_snd-4,0,0
0x008c8b48_snd-5,0,0
0x008c8b48_snd-6,0,0
0x008c8b48_snd-7,0,0
0x008c8b48_snd-8,0,0
0x008c8eb8_snd-1,0,0
0x008c8eb8_snd-2,0,0
0x008c9070_snd-1,0,0
0x008c9070_snd-2,0,0
0x008c9070_snd-3,0,0
0x008c9070_snd-4,0,0
0x008c9070_snd-5,0,0
0x008c9070_snd-6,0,0
0x008c9070_snd-7,0,0
0x008c9070_snd-8,0,0
0x008c93e0_snd-1,0,0
0x008ca358_snd-1,0,0
0x008ca358_snd-2,0,0
0x008ca358_snd-3,0,0
0x008ca358_snd-4,0,0
0x008ca358_snd-5,0,0
0x008ca6c8_snd-1,0,0
0x008ca6c8_snd-2,0,0
0x008ca6c8_snd-3,0,0
0x008ca6c8_snd-4,0,0
0x008ca6c8_snd-5,0,0
0x008ca6c8_snd-6,0,0
0x008ca6c8_snd-7,0,0
0x008cada8_snd-1,0,0
0x008cada8_snd-2,0,0
0x008cada8_snd-3,0,0
0x008cada8_snd-4,0,0
0x008cada8_snd-5,0,0
0x008cada8_snd-6,0,0
0x008cada8_snd-7,0,0
0x008cb488_snd-1,0,0
0x008cb488_snd-2,0,0
0x008cb488_snd-3,0,0
0x008cb488_snd-4,0,0
0x008cb488_snd-5,0,0
0x008cb488_snd-6,0,0
0x008cb488_snd-7,0,0
0x008cb488_snd-8,0,0
0x008cb9b0_snd-1,0,0
0x008cb9b0_snd-2,0,0
0x008cb9b0_snd-3,0,0
0x008cb9b0_snd-4,0,0
0x008cb9b0_snd-5,0,0
0x008cc090_snd-1,0,0
0x008cc090_snd-2,0,0
0x008cc090_snd-3,0,0
0x008cc090_snd-4,0,0
0x008cc090_snd-5,0,0
0x008cc770_snd-1,0,0
0x008cc770_snd-2,0,0
0x008cc770_snd-3,0,0
0x008cc770_snd-4,0,0
0x008cc770_snd-5,0,0
0x008cc770_snd-6,0,0
0x008cc770_snd-7,0,0
0x008cce50_snd-1,0,0
0x008cd530_snd-1,0,0
0x008cd530_snd-2,0,0
0x008cd530_snd-3,0,0
0x008cd530_snd-4,0,0
0x008cd530_snd-5,0,0
0x008cd530_snd-6,0,0
0x008cd6e8_snd-1,0,0
0x008cd6e8_snd-2,0,0
0x008cd6e8_snd-3,0,0
0x008cd6e8_snd-4,0,0
0x008cd6e8_snd-5,0,0
0x008cd6e8_snd-6,0,0
0x008cd8a0_snd-1,0,0
0x008cdc10_snd-1,0,0
0x008cdc10_snd-2,0,0
0x008cdc10_snd-3,0,0
0x008cdc10_snd-4,0,0
0x008ce138_snd-1,0,0
0x008ce138_snd-2,0,0
0x008ce138_snd-3,0,0
0x008ce138_snd-4,0,0
0x008ce138_snd-5,0,0
0x008ce138_snd-6,0,0
0x008ce2f0_snd-1,0,0
0x008ce2f0_snd-2,0,0
0x008ce2f0_snd-3,0,0
0x008ce2f0_snd-4,0,0
0x008ce2f0_snd-5,0,0
0x008ce2f0_snd-6,0,0
0x008ce2f0_snd-7,0,0
0x008ce818_snd-1,0,0
0x008ce818_snd-2,0,0
0x008cf0b0_snd-1,0,0
0x008cf0b0_snd-2,0,0
0x008cf0b0_snd-3,0,0
0x008cf0b0_snd-4,0,0
0x008cf0b0_snd-5,0,0
0x008cf5d8_snd-1,0,0
0x008cf5d8_snd-2,0,0
0x008cf5d8_snd-3,0,0
0x008cf5d8_snd-4,0,0
0x008cf5d8_snd-5,0,0
0x008cf5d8_snd-6,0,0
0x008cf790_snd-1,0,0
0x008cf790_snd-2,0,0
0x008cf790_snd-3,0,0
0x008cf790_snd-4,0,0
0x008cf790_snd-5,0,0
0x008cf790_snd-6,0,0
0x008cfe70_snd-1,0,0
0x008cfe70_snd-2,0,0
0x008cfe70_snd-3,0,0
0x008cfe70_snd-4,0,0
0x008d01e0_snd-1,0,0
0x008d01e0_snd-2,0,0
0x008d01e0_snd-3,0,0
0x008d01e0_snd-4,0,0
0x008d01e0_snd-5,0,0
0x008d0398_snd-1,0,0
0x008d0398_snd-2,0,0
0x008d0708_snd-1,0,0
0x008d0708_snd-2,0,0
0x008d0708_snd-3,0,0
0x008d0708_snd-4,0,0
0x008d0708_snd-5,0,0
0x008d0708_snd-6,0,0
0x008d0708_snd-7,0,0
0x008d08c0_snd-1,0,0
0x008d08c0_snd-2,0,0
0x008d08c0_snd-3,0,0
0x008d08c0_snd-4,0,0
0x008d0de8_snd-1,0,0
0x008d1330_snd-1,0,0
0x008d14e8_snd-1,0,0
0x008d14e8_snd-2,0,0
0x008d1bc8_snd-1,0,0
0x008d1bc8_snd-2,0,0
0x008d1bc8_snd-3,0,0
0x008d1bc8_snd-4,0,0
0x008d1bc8_snd-5,0,0
0x008d1bc8_snd-6,0,0
0x008d1f38_snd-1,0,0
0x008d2460_snd-1,0,0
0x008d2460_snd-2,0,0
0x008d2460_snd-3,0,0
0x008d2460_snd-4,0,0
0x008d2460_snd-5,0,0
0x008d2460_snd-6,0,0
0x008d2618_snd-1,0,0
0x008d2618_snd-2,0,0
0x008d3228_snd-1,0,0
0x008d3228_snd-2,0,0
0x008d3228_snd-3,0,0
0x008d3228_snd-4,0,0
0x008d33e0_snd-1,0,0
0x008d33e0_snd-2,0,0
0x008d3598_snd-1,0,0
0x008d3598_snd-2,0,0
0x008d3598_snd-3,0,0
0x008d3ac0_snd-1,0,0
0x008d3ac0_snd-2,0,0
0x008d3ac0_snd-3,0,0
0x008d3e30_snd-1,0,0
0x008d3e30_snd-2,0,0
0x008d41a0_snd-1,0,0
0x008d41a0_snd-2,0,0
0x008d41a0_snd-3,0,0
0x008d41a0_snd-4,0,0
0x008d41a0_snd-5,0,0
0x008d4358_snd-1,0,0
0x008d4358_snd-2,0,0
0x008d4510_snd-1,0,0
0x008d4880_snd-1,0,0
0x008d4bf0_snd-1,0,0
0x008d4bf0_snd-2,0,0
0x008d4bf0_snd-3,0,0
0x008d4f60_snd-1,0,0
0x008d4f60_snd-2,0,0
0x008d5118_snd-1,0,0
0x008d5118_snd-2,0,0
0x008d5118_snd-3,0,0
0x008d5118_snd-4,0,0
0x008d5118_snd-5,0,0
0x008d5488_snd-1,0,0
0x008d5d20_snd-1,0,0
0x008d5d20_snd-2,0,0
0x008d5ed8_snd-1,0,0
0x008d5ed8_snd-2,0,0
0x008d5ed8_snd-3,0,0
0x008d5ed8_snd-4,0,0
0x008d5ed8_snd-5,0,0
0x008d6400_snd-1,0,0
0x008d6400_snd-2,0,0
0x008d6ae0_snd-1,0,0
0x008d6ae0_snd-2,0,0
0x008d6ae0_snd-3,0,0
0x008d6ae0_snd-4,0,0
0x008d6ae0_snd-5,0,0
0x008d6ae0_snd-6,0,0
0x008d6ae0_snd-7,0,0
0x008d6ae0_snd-8,0,0
0x008d6c98_snd-1,0,0
0x008d6c98_snd-2,0,0
0x008d7008_snd-1,0,0
0x008d78a0_snd-1,0,0
0x008d78a0_snd-2,0,0
0x008d7c10_snd-1,0,0
0x008d7c10_snd-2,0,0
0x008d7dc8_snd-1,0,0
0x008d7dc8_snd-2,0,0
0x008d8138_snd-1,0,0
0x008d82f0_snd-1,0,0
0x008d8660_snd-1,0,0
0x008d8660_snd-2,0,0
0x008d89d0_snd-1,0,0
0x008d89d0_snd-2,0,0
0x008d8d40_snd-1,0,0
0x008d9678_snd-1,0,0
0x008d9830_snd-1,0,0
0x008d9830_snd-2,0,0
0x008d9830_snd-3,0,0
0x008d9830_snd-4,0,0
0x008d9ba0_snd-1,0,0
0x008d9ba0_snd-2,0,0
0x008d9ba0_snd-3,0,0
0x008d9ba0_snd-4,0,0
0x008da438_snd-1,0,0
0x008da438_snd-2,0,0
0x008da438_snd-3,0,0
0x008da438_snd-4,0,0
0x008da438_snd-5,0,0
0x008da5f0_snd-1,0,0
0x008da5f0_snd-2,0,0
0x008da7a8_snd-1,0,0
0x008da7a8_snd-2,0,0
0x008da7a8_snd-3,0,0
0x008da7a8_snd-4,0,0
0x008da7a8_snd-5,0,0
0x008da960_snd-1,0,0
0x008da960_snd-2,0,0
0x008da960_snd-3,0,0
0x008dacd0_snd-1,0,0
0x008dacd0_snd-2,0,0
0x008dacd0_snd-3,0,0
0x008dacd0_snd-4,0,0
0x008dacd0_snd-5,0,0
0x008db040_snd-1,0,0
0x008db040_snd-2,0,0
0x008db040_snd-3,0,0
0x008db040_snd-4,0,0
0x008db568_snd-1,0,0
0x008db568_snd-2,0,0
0x008db568_snd-3,0,0
0x008db568_snd-4,0,0
0x008db8d8_snd-1,0,0
0x008dbc48_snd-1,0,0
0x008dbc48_snd-2,0,0
0x008dbfb8_snd-1,0,0
0x008dbfb8_snd-2,0,0
0x008dc4e8_snd-1,0,0
0x008dc4e8_snd-2,0,0
0x008dc4e8_snd-3,0,0
0x008dc4e8_snd-4,0,0
0x008dc4e8_snd-5,0,0
0x008dc858_snd-1,0,0
0x008dc858_snd-2,0,0
0x008dc858_snd-3,0,0
0x008dc858_snd-4,0,0
0x008dc858_snd-5,0,0
0x008dc858_snd-6,0,0
0x008dc858_snd-7,0,0
0x008dc858_snd-8,0,0
0x008dcbc8_snd-1,0,0
0x008dcbc8_snd-2,0,0
0x008dcbc8_snd-3,0,0
0x008dcbc8_snd-4,0,0
0x008dcbc8_snd-5,0,0
0x008dcbc8_snd-6,0,0
0x008dcbc8_snd-7,0,0
0x008dd0f0_snd-1,0,0
0x008dd0f0_snd-2,0,0
0x008dd0f0_snd-3,0,0
0x008dd0f0_snd-4,0,0
0x008dd0f0_snd-5,0,0
0x008dd0f0_snd-6,0,0
0x008dd0f0_snd-7,0,0
0x008dd618_snd-1,0,0
0x008dd618_snd-2,0,0
0x008dd618_snd-3,0,0
0x008dd618_snd-4,0,0
0x008dd618_snd-5,0,0
0x008dd618_snd-6,0,0
0x008dd7d0_snd-1,0,0
0x008dd7d0_snd-2,0,0
0x008de598_snd-1,0,0
0x008de598_snd-2,0,0
0x008dec78_snd-1,0,0
0x008dec78_snd-2,0,0
0x008dee30_snd-1,0,0
0x008dee30_snd-2,0,0
0x008df1a0_snd-1,0,0
0x008df1a0_snd-2,0,0
0x008df6c8_snd-1,0,0
0x008df6c8_snd-2,0,0
0x008dfbf0_snd-1,0,0
0x008dfbf0_snd-2,0,0
0x008dff60_snd-1,0,0
0x008e2750_snd-1,0,0
0x008e2750_snd-2,0,0
0x008e2ac0_snd-1,0,0
0x008e2ac0_snd-2,0,0
0x008e2fe8_snd-1,0,0
0x008e2fe8_snd-2,0,0
0x008e3510_snd-1,0,0
0x008e3510_snd-2,0,0
0x008e4300_snd-1,0,0
0x008e4300_snd-2,0,0
0x008e44b8_snd-1,0,0
0x008e49e0_snd-1,0,0
0x008e49e0_snd-2,0,0
0x008e5278_snd-1,0,0
0x008e6560_snd-1,0,0
0x008e6560_snd-2,0,0
0x008e68d0_snd-1,0,0
0x008e68d0_snd-2,0,0
0x008e7168_snd-1,0,0
0x008e7168_snd-2,0,0
0x008e7320_snd-1,0,0
0x008e7320_snd-2,0,0
0x008e74d8_snd-1,0,0
0x008e74d8_snd-2,0,0
0x008e74d8_snd-3,0,0
0x008e7848_snd-1,0,0
0x008e7848_snd-2,0,0
0x008e7f28_snd-1,0,0
0x008e7f28_snd-2,0,0
0x008e7f28_snd-3,0,0
0x008e7f28_snd-4,0,0
0x008e7f28_snd-5,0,0
0x008e7f28_snd-6,0,0
0x008e7f28_snd-7,0,0
0x008e8450_snd-1,0,0
0x008e8450_snd-2,0,0
0x008e87c0_snd-1,0,0
0x008e87c0_snd-2,0,0
0x008e8978_snd-1,0,0
0x008e8978_snd-2,0,0
0x008e8b30_snd-1,0,0
0x008e8b30_snd-2,0,0
0x008e8b30_snd-3,0,0
0x008e8b30_snd-4,0,0
0x008e8b30_snd-5,0,0
0x008e8b30_snd-6,0,0
0x008e8b30_snd-7,0,0
0x008e8b30_snd-8,0,0
0x008e8ce8_snd-1,0,0
0x008e8ce8_snd-2,0,0
0x008e93c8_snd-1,0,0
0x008e93c8_snd-2,0,0
0x008e9e18_snd-1,0,0
0x008e9e18_snd-2,0,0
0x008ea188_snd-1,0,0
0x008ea188_snd-2,0,0
0x008eaa20_snd-1,0,0
0x008eaa20_snd-2,0,0
0x008eaa20_snd-3,0,0
0x008eaa20_snd-4,0,0
0x008eaa20_snd-5,0,0
0x008eaa20_snd-6,0,0
0x008eaa20_snd-7,0,0
0x008eb2b8_snd-1,0,0
0x008eb2b8_snd-2,0,0
0x008eb470_snd-1,0,0
0x008eb470_snd-2,0,0
0x008eb470_snd-3,0,0
0x008eb470_snd-4,0,0
0x008eb470_snd-5,0,0
0x008eb7e0_snd-1,0,0
0x008eb7e0_snd-2,0,0
0x008eb998_snd-1,0,0
0x008eb998_snd-2,0,0
0x008ed358_snd-1,0,0
0x008ed358_snd-2,0,0
0x008eda38_snd-1,0,0
0x008eda38_snd-2,0,0
0x008ee520_snd-1,0,0
0x008f2830_snd-1,0,0
0x008f2830_snd-2,0,0
0x008f2830_snd-3,0,0
0x008f3960_snd-1,0,0
0x008f3960_snd-2,0,0
