transformer,winding,terminal,connection,kv,kva,tap,r_pct,r_neut,x_neut,max_tap,min_tap,num_taps
m1_xfmr,1,sourcebus,delta,67,16800,1,0.002,-1,0,1.1,0.9,32
m1_xfmr,2,temp,wye,12.47,16800,1.01875,0.002,-1,0,1.05,0.95,32
xfmr_ae191606_a,1,0x008ddeb0.1,wye,7.2,25,1,0.0065646,-1,0,1.1,0.9,32
xfmr_ae191606_a,2,0x008ddeb0_s.1,wye,0.24,25,1,0.0065646,-1,0,1.1,0.9,32
xfmr_ae300103_a,1,0x008dcbc8.1,wye,7.2,75,1,0.00418,-1,0,1.1,0.9,32
xfmr_ae300103_a,2,0x008dcbc8_s.1,wye,0.24,75,1,0.00418,-1,0,1.1,0.9,32
xfmr_ae300104_a,1,0x008dd0f0.1,wye,7.2,75,1,0.00388882291666667,-1,0,1.1,0.9,32
xfmr_ae300104_a,2,0x008dd0f0_s.1,wye,0.24,75,1,0.00388882291666667,-1,0,1.1,0.9,32
xfmr_ae300105_c,1,0x008e7f28.3,wye,7.2,75,1,0.003536666666666665,-1,0,1.1,0.9,32
xfmr_ae300105_c,2,0x008e7f28_s.3,wye,0.24,75,1,0.003536666666666665,-1,0,1.1,0.9,32
xfmr_ae300106_c,1,0x0089eba0.3,wye,7.2,75,1,0.004008666666666665,-1,0,1.1,0.9,32
xfmr_ae300106_c,2,0x0089eba0_s.3,wye,0.24,75,1,0.004008666666666665,-1,0,1.1,0.9,32
xfmr_ae300107_c,1,0x0089f280.3,wye,7.2,75,1,0.004124,-1,0,1.1,0.9,32
xfmr_ae300107_c,2,0x0089f280_s.3,wye,0.24,75,1,0.004124,-1,0,1.1,0.9,32
xfmr_ae300108_b,1,0x008c7a18.2,wye,7.2,75,1,0.004195333333333335,-1,0,1.1,0.9,32
xfmr_ae300108_b,2,0x008c7a18_s.2,wye,0.24,75,1,0.004195333333333335,-1,0,1.1,0.9,32
xfmr_ae300109_b,1,0x008ca358.2,wye,7.2,50,1,0.00477,-1,0,1.1,0.9,32
xfmr_ae300109_b,2,0x008ca358_s.2,wye,0.24,50,1,0.00477,-1,0,1.1,0.9,32
xfmr_ae300110_a,1,0x008ca6c8.1,wye,7.2,75,1,0.004030000000000001,-1,0,1.1,0.9,32
xfmr_ae300110_a,2,0x008ca6c8_s.1,wye,0.24,75,1,0.004030000000000001,-1,0,1.1,0.9,32
xfmr_ae300111_a,1,0x008c9070.1,wye,7.2,75,1,0.0035,-1,0,1.1,0.9,32
xfmr_ae300111_a,2,0x008c9070_s.1,wye,0.24,75,1,0.0035,-1,0,1.1,0.9,32
xfmr_ae300114_c,1,0x008dee30.3,wye,7.2,25,1,0.006520000000000001,-1,0,1.1,0.9,32
xfmr_ae300114_c,2,0x008dee30_s.3,wye,0.24,25,1,0.006520000000000001,-1,0,1.1,0.9,32
xfmr_ae300115_c,1,0x008e8450.3,wye,7.2,50,1,0.004453402127659575,-1,0,1.1,0.9,32
xfmr_ae300115_c,2,0x008e8450_s.3,wye,0.24,50,1,0.004453402127659575,-1,0,1.1,0.9,32
xfmr_ae300116_c,1,0x008c4d68.3,wye,7.2,25,1,0.00628,-1,0,1.1,0.9,32
xfmr_ae300116_c,2,0x008c4d68_s.3,wye,0.24,25,1,0.00628,-1,0,1.1,0.9,32
xfmr_ae300117_c,1,0x008df6c8.3,wye,7.2,75,1,0.003066666666666665,-1,0,1.1,0.9,32
xfmr_ae300117_c,2,0x008df6c8_s.3,wye,0.24,75,1,0.003066666666666665,-1,0,1.1,0.9,32
xfmr_ae300118_c,1,0x008e8978.3,wye,7.2,75,1,0.004099999999999999,-1,0,1.1,0.9,32
xfmr_ae300118_c,2,0x008e8978_s.3,wye,0.24,75,1,0.004099999999999999,-1,0,1.1,0.9,32
xfmr_ae300119_c,1,0x008e87c0.3,wye,7.2,75,1,0.004226666666666665,-1,0,1.1,0.9,32
xfmr_ae300119_c,2,0x008e87c0_s.3,wye,0.24,75,1,0.004226666666666665,-1,0,1.1,0.9,32
xfmr_ae300120_c,1,0x008da5f0.3,wye,7.2,75,1,0.00388882291666667,-1,0,1.1,0.9,32
xfmr_ae300120_c,2,0x008da5f0_s.3,wye,0.24,75,1,0.00388882291666667,-1,0,1.1,0.9,32
xfmr_ae300121_c,1,0x008ea188.3,wye,7.2,50,1,0.004453402127659575,-1,0,1.1,0.9,32
xfmr_ae300121_c,2,0x008ea188_s.3,wye,0.24,50,1,0.004453402127659575,-1,0,1.1,0.9,32
xfmr_ae300122_a,1,0x008e9e18.1,wye,7.2,75,1,0.004042,-1,0,1.1,0.9,32
xfmr_ae300122_a,2,0x008e9e18_s.1,wye,0.24,75,1,0.004042,-1,0,1.1,0.9,32
xfmr_ae300123_a,1,0x008dbc48.1,wye,7.2,50,1,0.00481,-1,0,1.1,0.9,32
xfmr_ae300123_a,2,0x008dbc48_s.1,wye,0.24,50,1,0.00481,-1,0,1.1,0.9,32
xfmr_ae300124_b,1,0x008dfbf0.2,wye,7.2,75,1,0.00388882291666667,-1,0,1.1,0.9,32
xfmr_ae300124_b,2,0x008dfbf0_s.2,wye,0.24,75,1,0.00388882291666667,-1,0,1.1,0.9,32
xfmr_ae300125_b,1,0x008d0398.2,wye,7.2,50,1,0.004699999999999999,-1,0,1.1,0.9,32
xfmr_ae300125_b,2,0x008d0398_s.2,wye,0.24,50,1,0.004699999999999999,-1,0,1.1,0.9,32
xfmr_ae300134_a,1,0x008c5290.1,wye,7.2,50,1,0.00482,-1,0,1.1,0.9,32
xfmr_ae300134_a,2,0x008c5290_s.1,wye,0.24,50,1,0.00482,-1,0,1.1,0.9,32
xfmr_ae300135_a,1,0x008c4bb0.1,wye,7.2,75,1,0.003529333333333335,-1,0,1.1,0.9,32
xfmr_ae300135_a,2,0x008c4bb0_s.1,wye,0.24,75,1,0.003529333333333335,-1,0,1.1,0.9,32
xfmr_ae300136_a,1,0x008dbfb8.1,wye,7.2,50,1,0.004719999999999999,-1,0,1.1,0.9,32
xfmr_ae300136_a,2,0x008dbfb8_s.1,wye,0.24,50,1,0.004719999999999999,-1,0,1.1,0.9,32
xfmr_ae300142_b,1,0x0089dde0.2,wye,7.2,75,1,0.00388882291666667,-1,0,1.1,0.9,32
xfmr_ae300142_b,2,0x0089dde0_s.2,wye,0.24,75,1,0.00388882291666667,-1,0,1.1,0.9,32
xfmr_ae300143_b,1,0x0089d700.2,wye,7.2,25,1,0.005937433333333349,-1,0,1.1,0.9,32
xfmr_ae300143_b,2,0x0089d700_s.2,wye,0.24,25,1,0.005937433333333349,-1,0,1.1,0.9,32
xfmr_ae300144_b,1,0x0089e4c0.2,wye,7.2,25,1,0.00468,-1,0,1.1,0.9,32
xfmr_ae300144_b,2,0x0089e4c0_s.2,wye,0.24,25,1,0.00468,-1,0,1.1,0.9,32
xfmr_ae300145_b,1,0x008c5970.2,wye,7.2,75,1,0.004134666666666665,-1,0,1.1,0.9,32
xfmr_ae300145_b,2,0x008c5970_s.2,wye,0.24,75,1,0.004134666666666665,-1,0,1.1,0.9,32
xfmr_ae300146_b,1,0x0089d020.2,wye,7.2,50,1,0.004669,-1,0,1.1,0.9,32
xfmr_ae300146_b,2,0x0089d020_s.2,wye,0.24,50,1,0.004669,-1,0,1.1,0.9,32
xfmr_ae300147_b,1,0x008c2b70.2,wye,7.2,75,1,0.004186,-1,0,1.1,0.9,32
xfmr_ae300147_b,2,0x008c2b70_s.2,wye,0.24,75,1,0.004186,-1,0,1.1,0.9,32
xfmr_ae300148_b,1,0x008c2490.2,wye,7.2,75,1,0.003750666666666665,-1,0,1.1,0.9,32
xfmr_ae300148_b,2,0x008c2490_s.2,wye,0.24,75,1,0.003750666666666665,-1,0,1.1,0.9,32
xfmr_ae300149_b,1,0x0089bf70.2,wye,7.2,75,1,0.004133333333333335,-1,0,1.1,0.9,32
xfmr_ae300149_b,2,0x0089bf70_s.2,wye,0.24,75,1,0.004133333333333335,-1,0,1.1,0.9,32
xfmr_ae300150_b,1,0x008c2648.2,wye,7.2,50,1,0.00475,-1,0,1.1,0.9,32
xfmr_ae300150_b,2,0x008c2648_s.2,wye,0.24,50,1,0.00475,-1,0,1.1,0.9,32
xfmr_ae300151_b,1,0x008f3960.2,wye,7.2,50,1,0.004453402127659575,-1,0,1.1,0.9,32
xfmr_ae300151_b,2,0x008f3960_s.2,wye,0.24,50,1,0.004453402127659575,-1,0,1.1,0.9,32
xfmr_ae300152_b,1,0x008c7338.2,wye,7.2,25,1,0.00464,-1,0,1.1,0.9,32
xfmr_ae300152_b,2,0x008c7338_s.2,wye,0.24,25,1,0.00464,-1,0,1.1,0.9,32
xfmr_ae300153_c,1,0x0089c260.3,wye,7.2,75,1,0.003226666666666665,-1,0,1.1,0.9,32
xfmr_ae300153_c,2,0x0089c260_s.3,wye,0.24,75,1,0.003226666666666665,-1,0,1.1,0.9,32
xfmr_ae300154_c,1,0x008e49e0.3,wye,7.2,75,1,0.00388882291666667,-1,0,1.1,0.9,32
xfmr_ae300154_c,2,0x008e49e0_s.3,wye,0.24,75,1,0.00388882291666667,-1,0,1.1,0.9,32
xfmr_ae300155_c,1,0x0089c940.3,wye,7.2,50,1,0.004759999999999999,-1,0,1.1,0.9,32
xfmr_ae300155_c,2,0x0089c940_s.3,wye,0.24,50,1,0.004759999999999999,-1,0,1.1,0.9,32
xfmr_ae300199_a,1,0x008b8108.1,wye,7.2,50,1,0.005937433333333349,-1,0,1.1,0.9,32
xfmr_ae300199_a,2,0x008b8108_s.1,wye,0.24,50,1,0.005937433333333349,-1,0,1.1,0.9,32
xfmr_ae300199_c,1,0x008b8108.3,wye,7.2,50,1,0.005937433333333349,-1,0,1.1,0.9,32
xfmr_ae300199_c,2,0x008b8108_s.3,wye,0.24,50,1,0.005937433333333349,-1,0,1.1,0.9,32
xfmr_ae300202_a,1,0x008e44b8.1,wye,7.2,50,1,0.004753,-1,0,1.1,0.9,32
xfmr_ae300202_a,2,0x008e44b8_s.1,wye,0.24,50,1,0.004753,-1,0,1.1,0.9,32
xfmr_ae300203_a,1,0x008db8d8.1,wye,7.2,75,1,0.00416,-1,0,1.1,0.9,32
xfmr_ae300203_a,2,0x008db8d8_s.1,wye,0.24,75,1,0.00416,-1,0,1.1,0.9,32
xfmr_ae300204_a,1,0x008d9678.1,wye,7.2,50,1,0.004716000000000001,-1,0,1.1,0.9,32
xfmr_ae300204_a,2,0x008d9678_s.1,wye,0.24,50,1,0.004716000000000001,-1,0,1.1,0.9,32
xfmr_ae300206_a,1,0x008dd7d0.1,wye,7.2,50,1,0.004453402127659575,-1,0,1.1,0.9,32
xfmr_ae300206_a,2,0x008dd7d0_s.1,wye,0.24,50,1,0.004453402127659575,-1,0,1.1,0.9,32
xfmr_ae300207_a,1,0x008d2618.1,wye,7.2,75,1,0.003706666666666665,-1,0,1.1,0.9,32
xfmr_ae300207_a,2,0x008d2618_s.1,wye,0.24,75,1,0.003706666666666665,-1,0,1.1,0.9,32
xfmr_ae300208_a,1,0x008e74d8.1,wye,7.2,75,1,0.003713333333333335,-1,0,1.1,0.9,32
xfmr_ae300208_a,2,0x008e74d8_s.1,wye,0.24,75,1,0.003713333333333335,-1,0,1.1,0.9,32
xfmr_ae300209_a,1,0x008e5278.1,wye,7.2,50,1,0.004453402127659575,-1,0,1.1,0.9,32
xfmr_ae300209_a,2,0x008e5278_s.1,wye,0.24,50,1,0.004453402127659575,-1,0,1.1,0.9,32
xfmr_ae300216_b,1,0x008eda38.2,wye,7.2,75,1,0.004028666666666665,-1,0,1.1,0.9,32
xfmr_ae300216_b,2,0x008eda38_s.2,wye,0.24,75,1,0.004028666666666665,-1,0,1.1,0.9,32
xfmr_ae300217_b,1,0x008d7dc8.2,wye,7.2,75,1,0.004158,-1,0,1.1,0.9,32
xfmr_ae300217_b,2,0x008d7dc8_s.2,wye,0.24,75,1,0.004158,-1,0,1.1,0.9,32
xfmr_ae300225_c,1,0x008df1a0.3,wye,7.2,50,1,0.00473,-1,0,1.1,0.9,32
xfmr_ae300225_c,2,0x008df1a0_s.3,wye,0.24,50,1,0.00473,-1,0,1.1,0.9,32
xfmr_ae300226_a,1,0x008e8ce8.1,wye,7.2,75,1,0.00388882291666667,-1,0,1.1,0.9,32
xfmr_ae300226_a,2,0x008e8ce8_s.1,wye,0.24,75,1,0.00388882291666667,-1,0,1.1,0.9,32
xfmr_ae300227_a,1,0x008e6560.1,wye,7.2,50,1,0.004937,-1,0,1.1,0.9,32
xfmr_ae300227_a,2,0x008e6560_s.1,wye,0.24,50,1,0.004937,-1,0,1.1,0.9,32
xfmr_ae300229_a,1,0x008e7168.1,wye,7.2,75,1,0.00388882291666667,-1,0,1.1,0.9,32
xfmr_ae300229_a,2,0x008e7168_s.1,wye,0.24,75,1,0.00388882291666667,-1,0,1.1,0.9,32
xfmr_ae300234_a,1,0x008e93c8.1,wye,7.2,75,1,0.004126666666666665,-1,0,1.1,0.9,32
xfmr_ae300234_a,2,0x008e93c8_s.1,wye,0.24,75,1,0.004126666666666665,-1,0,1.1,0.9,32
xfmr_ae300235_b,1,0x008e7320.2,wye,7.2,50,1,0.004807000000000001,-1,0,1.1,0.9,32
xfmr_ae300235_b,2,0x008e7320_s.2,wye,0.24,50,1,0.004807000000000001,-1,0,1.1,0.9,32
xfmr_ae300236_b,1,0x008e7848.2,wye,7.2,50,1,0.0056235,-1,0,1.1,0.9,32
xfmr_ae300236_b,2,0x008e7848_s.2,wye,0.24,50,1,0.0056235,-1,0,1.1,0.9,32
xfmr_ae300237_b,1,0x008e4300.2,wye,7.2,75,1,0.00388882291666667,-1,0,1.1,0.9,32
xfmr_ae300237_b,2,0x008e4300_s.2,wye,0.24,75,1,0.00388882291666667,-1,0,1.1,0.9,32
xfmr_ae300238_b,1,0x008e2750.2,wye,7.2,50,1,0.004772,-1,0,1.1,0.9,32
xfmr_ae300238_b,2,0x008e2750_s.2,wye,0.24,50,1,0.004772,-1,0,1.1,0.9,32
xfmr_ae300239_b,1,0x008e2ac0.2,wye,7.2,50,1,0.004453402127659575,-1,0,1.1,0.9,32
xfmr_ae300239_b,2,0x008e2ac0_s.2,wye,0.24,50,1,0.004453402127659575,-1,0,1.1,0.9,32
xfmr_ae300240_c,1,0x008eb998.3,wye,7.2,50,1,0.004695,-1,0,1.1,0.9,32
xfmr_ae300240_c,2,0x008eb998_s.3,wye,0.24,50,1,0.004695,-1,0,1.1,0.9,32
xfmr_ae300241_c,1,0x008eb2b8.3,wye,7.2,50,1,0.004453402127659575,-1,0,1.1,0.9,32
xfmr_ae300241_c,2,0x008eb2b8_s.3,wye,0.24,50,1,0.004453402127659575,-1,0,1.1,0.9,32
xfmr_ae300242_c,1,0x008ed358.3,wye,7.2,50,1,0.003544,-1,0,1.1,0.9,32
xfmr_ae300242_c,2,0x008ed358_s.3,wye,0.24,50,1,0.003544,-1,0,1.1,0.9,32
xfmr_ae300243_c,1,0x008e2fe8.3,wye,7.2,75,1,0.00388882291666667,-1,0,1.1,0.9,32
xfmr_ae300243_c,2,0x008e2fe8_s.3,wye,0.24,75,1,0.00388882291666667,-1,0,1.1,0.9,32
xfmr_ae300244_c,1,0x008e3510.3,wye,7.2,50,1,0.003571,-1,0,1.1,0.9,32
xfmr_ae300244_c,2,0x008e3510_s.3,wye,0.24,50,1,0.003571,-1,0,1.1,0.9,32
xfmr_ae300245_c,1,0x008e68d0.3,wye,7.2,50,1,0.003804,-1,0,1.1,0.9,32
xfmr_ae300245_c,2,0x008e68d0_s.3,wye,0.24,50,1,0.003804,-1,0,1.1,0.9,32
xfmr_ae300253_b,1,0x008e9c60.2,wye,7.2,50,1,0.004453402127659575,-1,0,1.1,0.9,32
xfmr_ae300253_b,2,0x008e9c60_s.2,wye,0.24,50,1,0.004453402127659575,-1,0,1.1,0.9,32
xfmr_ae300253_c,1,0x008e9c60.3,wye,7.2,50,1,0.004453402127659575,-1,0,1.1,0.9,32
xfmr_ae300253_c,2,0x008e9c60_s.3,wye,0.24,50,1,0.004453402127659575,-1,0,1.1,0.9,32
xfmr_ae300255_b,1,0x008df510.2,wye,7.2,38,1,0.004453402127659575,-1,0,1.1,0.9,32
xfmr_ae300255_b,2,0x008df510_s.2,wye,0.24,38,1,0.004453402127659575,-1,0,1.1,0.9,32
xfmr_ae300255_c,1,0x008df510.3,wye,7.2,38,1,0.004453402127659575,-1,0,1.1,0.9,32
xfmr_ae300255_c,2,0x008df510_s.3,wye,0.24,38,1,0.004453402127659575,-1,0,1.1,0.9,32
xfmr_ae300257_a,1,0x008e7d70.1,wye,7.2,25,1,0.005937433333333349,-1,0,1.1,0.9,32
xfmr_ae300257_a,2,0x008e7d70_s.1,wye,0.12,25,1,0.005937433333333349,-1,0,1.1,0.9,32
xfmr_ae300257_b,1,0x008e7d70.2,wye,7.2,25,1,0.005937433333333349,-1,0,1.1,0.9,32
xfmr_ae300257_b,2,0x008e7d70_s.2,wye,0.12,25,1,0.005937433333333349,-1,0,1.1,0.9,32
xfmr_ae300257_c,1,0x008e7d70.3,wye,7.2,25,1,0.005937433333333349,-1,0,1.1,0.9,32
xfmr_ae300257_c,2,0x008e7d70_s.3,wye,0.12,25,1,0.005937433333333349,-1,0,1.1,0.9,32
xfmr_ae300701_a,1,0x008ce818.1,wye,7.2,75,1,0.00374,-1,0,1.1,0.9,32
xfmr_ae300701_a,2,0x008ce818_s.1,wye,0.24,75,1,0.00374,-1,0,1.1,0.9,32
xfmr_ae300702_b,1,0x008d3ac0.2,wye,7.2,75,1,0.003542666666666665,-1,0,1.1,0.9,32
xfmr_ae300702_b,2,0x008d3ac0_s.2,wye,0.24,75,1,0.003542666666666665,-1,0,1.1,0.9,32
xfmr_ae300703_b,1,0x008cd8a0.2,wye,7.2,75,1,0.00388882291666667,-1,0,1.1,0.9,32
xfmr_ae300703_b,2,0x008cd8a0_s.2,wye,0.24,75,1,0.00388882291666667,-1,0,1.1,0.9,32
xfmr_ae300704_b,1,0x008de598.2,wye,7.2,75,1,0.004139333333333335,-1,0,1.1,0.9,32
xfmr_ae300704_b,2,0x008de598_s.2,wye,0.24,75,1,0.004139333333333335,-1,0,1.1,0.9,32
xfmr_ae300705_b,1,0x008d3598.2,wye,7.2,75,1,0.003853333333333335,-1,0,1.1,0.9,32
xfmr_ae300705_b,2,0x008d3598_s.2,wye,0.24,75,1,0.003853333333333335,-1,0,1.1,0.9,32
xfmr_ae300706_b,1,0x008d33e0.2,wye,7.2,75,1,0.004173333333333335,-1,0,1.1,0.9,32
xfmr_ae300706_b,2,0x008d33e0_s.2,wye,0.24,75,1,0.004173333333333335,-1,0,1.1,0.9,32
xfmr_ae300707_b,1,0x008d4510.2,wye,7.2,50,1,0.00481,-1,0,1.1,0.9,32
xfmr_ae300707_b,2,0x008d4510_s.2,wye,0.24,50,1,0.00481,-1,0,1.1,0.9,32
xfmr_ae300710_c,1,0x008d4880.3,wye,7.2,75,1,0.003559333333333335,-1,0,1.1,0.9,32
xfmr_ae300710_c,2,0x008d4880_s.3,wye,0.24,75,1,0.003559333333333335,-1,0,1.1,0.9,32
xfmr_ae300711_c,1,0x008d4f60.3,wye,7.2,75,1,0.00388882291666667,-1,0,1.1,0.9,32
xfmr_ae300711_c,2,0x008d4f60_s.3,wye,0.24,75,1,0.00388882291666667,-1,0,1.1,0.9,32
xfmr_ae300712_c,1,0x008d5d20.3,wye,7.2,75,1,0.002926666666666665,-1,0,1.1,0.9,32
xfmr_ae300712_c,2,0x008d5d20_s.3,wye,0.24,75,1,0.002926666666666665,-1,0,1.1,0.9,32
xfmr_ae300713_c,1,0x008d6400.3,wye,7.2,75,1,0.002906666666666665,-1,0,1.1,0.9,32
xfmr_ae300713_c,2,0x008d6400_s.3,wye,0.24,75,1,0.002906666666666665,-1,0,1.1,0.9,32
xfmr_ae300714_c,1,0x008d5488.3,wye,7.2,50,1,0.00303,-1,0,1.1,0.9,32
xfmr_ae300714_c,2,0x008d5488_s.3,wye,0.24,50,1,0.00303,-1,0,1.1,0.9,32
xfmr_ae300715_c,1,0x008d4bf0.3,wye,7.2,75,1,0.002626666666666665,-1,0,1.1,0.9,32
xfmr_ae300715_c,2,0x008d4bf0_s.3,wye,0.24,75,1,0.002626666666666665,-1,0,1.1,0.9,32
xfmr_ae300808_b,1,0x008d0de8.2,wye,7.2,50,1,0.004453402127659575,-1,0,1.1,0.9,32
xfmr_ae300808_b,2,0x008d0de8_s.2,wye,0.24,50,1,0.004453402127659575,-1,0,1.1,0.9,32
xfmr_ae300809_b,1,0x008cce50.2,wye,7.2,50,1,0.004736000000000001,-1,0,1.1,0.9,32
xfmr_ae300809_b,2,0x008cce50_s.2,wye,0.24,50,1,0.004736000000000001,-1,0,1.1,0.9,32
xfmr_ae300810_b,1,0x008d3e30.2,wye,7.2,75,1,0.004106666666666665,-1,0,1.1,0.9,32
xfmr_ae300810_b,2,0x008d3e30_s.2,wye,0.24,75,1,0.004106666666666665,-1,0,1.1,0.9,32
xfmr_ae300811_b,1,0x008d14e8.2,wye,7.2,75,1,0.00388882291666667,-1,0,1.1,0.9,32
xfmr_ae300811_b,2,0x008d14e8_s.2,wye,0.24,75,1,0.00388882291666667,-1,0,1.1,0.9,32
xfmr_ae300812_b,1,0x008d1f38.2,wye,7.2,75,1,0.00388882291666667,-1,0,1.1,0.9,32
xfmr_ae300812_b,2,0x008d1f38_s.2,wye,0.24,75,1,0.00388882291666667,-1,0,1.1,0.9,32
xfmr_ae300813_b,1,0x008dd618.2,wye,7.2,75,1,0.00388882291666667,-1,0,1.1,0.9,32
xfmr_ae300813_b,2,0x008dd618_s.2,wye,0.24,75,1,0.00388882291666667,-1,0,1.1,0.9,32
xfmr_ae300814_a,1,0x008dff60.1,wye,7.2,50,1,0.004453402127659575,-1,0,1.1,0.9,32
xfmr_ae300814_a,2,0x008dff60_s.1,wye,0.24,50,1,0.004453402127659575,-1,0,1.1,0.9,32
xfmr_ae300815_b,1,0x008ee520.2,wye,7.2,38,1,0.004453402127659575,-1,0,1.1,0.9,32
xfmr_ae300815_b,2,0x008ee520_s.2,wye,0.24,38,1,0.004453402127659575,-1,0,1.1,0.9,32
xfmr_ae300817_b,1,0x008cb488.2,wye,7.2,75,1,0.004093333333333335,-1,0,1.1,0.9,32
xfmr_ae300817_b,2,0x008cb488_s.2,wye,0.24,75,1,0.004093333333333335,-1,0,1.1,0.9,32
xfmr_ae300818_b,1,0x008c8990.2,wye,7.2,75,1,0.004180666666666669,-1,0,1.1,0.9,32
xfmr_ae300818_b,2,0x008c8990_s.2,wye,0.24,75,1,0.004180666666666669,-1,0,1.1,0.9,32
xfmr_ae300819_a,1,0x008cada8.1,wye,7.2,75,1,0.004134,-1,0,1.1,0.9,32
xfmr_ae300819_a,2,0x008cada8_s.1,wye,0.24,75,1,0.004134,-1,0,1.1,0.9,32
xfmr_ae300820_a,1,0x008dc858.1,wye,7.2,75,1,0.00471,-1,0,1.1,0.9,32
xfmr_ae300820_a,2,0x008dc858_s.1,wye,0.24,75,1,0.00471,-1,0,1.1,0.9,32
xfmr_ae300821_a,1,0x008d0708.1,wye,7.2,75,1,0.004490666666666665,-1,0,1.1,0.9,32
xfmr_ae300821_a,2,0x008d0708_s.1,wye,0.24,75,1,0.004490666666666665,-1,0,1.1,0.9,32
xfmr_ae300822_a,1,0x008e8b30.1,wye,7.2,75,1,0.003536666666666665,-1,0,1.1,0.9,32
xfmr_ae300822_a,2,0x008e8b30_s.1,wye,0.24,75,1,0.003536666666666665,-1,0,1.1,0.9,32
xfmr_ae300823_c,1,0x008c7860.3,wye,7.2,75,1,0.003053333333333335,-1,0,1.1,0.9,32
xfmr_ae300823_c,2,0x008c7860_s.3,wye,0.24,75,1,0.003053333333333335,-1,0,1.1,0.9,32
xfmr_ae300825_b,1,0x008cc090.2,wye,7.2,50,1,0.004793,-1,0,1.1,0.9,32
xfmr_ae300825_b,2,0x008cc090_s.2,wye,0.24,50,1,0.004793,-1,0,1.1,0.9,32
xfmr_ae300826_b,1,0x008cd530.2,wye,7.2,75,1,0.00406,-1,0,1.1,0.9,32
xfmr_ae300826_b,2,0x008cd530_s.2,wye,0.24,75,1,0.00406,-1,0,1.1,0.9,32
xfmr_ae300827_b,1,0x008cdc10.2,wye,7.2,75,1,0.004079999999999999,-1,0,1.1,0.9,32
xfmr_ae300827_b,2,0x008cdc10_s.2,wye,0.24,75,1,0.004079999999999999,-1,0,1.1,0.9,32
xfmr_ae300828_b,1,0x008ce138.2,wye,7.2,50,1,0.004453402127659575,-1,0,1.1,0.9,32
xfmr_ae300828_b,2,0x008ce138_s.2,wye,0.24,50,1,0.004453402127659575,-1,0,1.1,0.9,32
xfmr_ae300829_b,1,0x008da7a8.2,wye,7.2,50,1,0.004783,-1,0,1.1,0.9,32
xfmr_ae300829_b,2,0x008da7a8_s.2,wye,0.24,50,1,0.004783,-1,0,1.1,0.9,32
xfmr_ae300830_b,1,0x008d01e0.2,wye,7.2,50,1,0.004702,-1,0,1.1,0.9,32
xfmr_ae300830_b,2,0x008d01e0_s.2,wye,0.24,50,1,0.004702,-1,0,1.1,0.9,32
xfmr_ae300831_c,1,0x008cb9b0.3,wye,7.2,50,1,0.00327,-1,0,1.1,0.9,32
xfmr_ae300831_c,2,0x008cb9b0_s.3,wye,0.24,50,1,0.00327,-1,0,1.1,0.9,32
xfmr_ae300832_c,1,0x008cc770.3,wye,7.2,75,1,0.004113333333333335,-1,0,1.1,0.9,32
xfmr_ae300832_c,2,0x008cc770_s.3,wye,0.24,75,1,0.004113333333333335,-1,0,1.1,0.9,32
xfmr_ae300833_c,1,0x008cf0b0.3,wye,7.2,75,1,0.00388882291666667,-1,0,1.1,0.9,32
xfmr_ae300833_c,2,0x008cf0b0_s.3,wye,0.24,75,1,0.00388882291666667,-1,0,1.1,0.9,32
xfmr_ae300834_c,1,0x008c50d8.3,wye,7.2,50,1,0.00483,-1,0,1.1,0.9,32
xfmr_ae300834_c,2,0x008c50d8_s.3,wye,0.24,50,1,0.00483,-1,0,1.1,0.9,32
xfmr_ae300835_c,1,0x008cf790.3,wye,7.2,50,1,0.003348,-1,0,1.1,0.9,32
xfmr_ae300835_c,2,0x008cf790_s.3,wye,0.24,50,1,0.003348,-1,0,1.1,0.9,32
xfmr_ae300836_c,1,0x008cfe70.3,wye,7.2,50,1,0.004453402127659575,-1,0,1.1,0.9,32
xfmr_ae300836_c,2,0x008cfe70_s.3,wye,0.24,50,1,0.004453402127659575,-1,0,1.1,0.9,32
xfmr_ae300901_a,1,0x008c6fc8.1,wye,7.2,75,1,0.00388882291666667,-1,0,1.1,0.9,32
xfmr_ae300901_a,2,0x008c6fc8_s.1,wye,0.24,75,1,0.00388882291666667,-1,0,1.1,0.9,32
xfmr_ae300902_a,1,0x008c8eb8.1,wye,7.2,75,1,0.004093333333333335,-1,0,1.1,0.9,32
xfmr_ae300902_a,2,0x008c8eb8_s.1,wye,0.24,75,1,0.004093333333333335,-1,0,1.1,0.9,32
xfmr_ae300903_b,1,0x008f2830.2,wye,7.2,100,1,0.003395,-1,0,1.1,0.9,32
xfmr_ae300903_b,2,0x008f2830_s.2,wye,0.24,100,1,0.003395,-1,0,1.1,0.9,32
xfmr_ae300904_b,1,0x008d1330.2,wye,7.2,75,1,0.00388882291666667,-1,0,1.1,0.9,32
xfmr_ae300904_b,2,0x008d1330_s.2,wye,0.24,75,1,0.00388882291666667,-1,0,1.1,0.9,32
xfmr_ae300905_b,1,0x008d8660.2,wye,7.2,75,1,0.003726666666666665,-1,0,1.1,0.9,32
xfmr_ae300905_b,2,0x008d8660_s.2,wye,0.24,75,1,0.003726666666666665,-1,0,1.1,0.9,32
xfmr_ae300906_b,1,0x008d4358.2,wye,7.2,75,1,0.00324,-1,0,1.1,0.9,32
xfmr_ae300906_b,2,0x008d4358_s.2,wye,0.24,75,1,0.00324,-1,0,1.1,0.9,32
xfmr_ae300907_b,1,0x008d1bc8.2,wye,7.2,75,1,0.003806666666666665,-1,0,1.1,0.9,32
xfmr_ae300907_b,2,0x008d1bc8_s.2,wye,0.24,75,1,0.003806666666666665,-1,0,1.1,0.9,32
xfmr_ae300908_b,1,0x008d6ae0.2,wye,7.2,75,1,0.00376,-1,0,1.1,0.9,32
xfmr_ae300908_b,2,0x008d6ae0_s.2,wye,0.24,75,1,0.00376,-1,0,1.1,0.9,32
xfmr_ae300911_c,1,0x008d41a0.3,wye,7.2,75,1,0.003806666666666665,-1,0,1.1,0.9,32
xfmr_ae300911_c,2,0x008d41a0_s.3,wye,0.24,75,1,0.003806666666666665,-1,0,1.1,0.9,32
xfmr_ae300912_c,1,0x008eaa20.3,wye,7.2,75,1,0.004258666666666665,-1,0,1.1,0.9,32
xfmr_ae300912_c,2,0x008eaa20_s.3,wye,0.24,75,1,0.004258666666666665,-1,0,1.1,0.9,32
xfmr_ae300913_c,1,0x008d3228.3,wye,7.2,50,1,0.004814,-1,0,1.1,0.9,32
xfmr_ae300913_c,2,0x008d3228_s.3,wye,0.24,50,1,0.004814,-1,0,1.1,0.9,32
xfmr_ae300914_a,1,0x008ce2f0.1,wye,7.2,75,1,0.003853333333333335,-1,0,1.1,0.9,32
xfmr_ae300914_a,2,0x008ce2f0_s.1,wye,0.24,75,1,0.003853333333333335,-1,0,1.1,0.9,32
xfmr_ae300915_a,1,0x008c8b48.1,wye,7.2,75,1,0.004046666666666665,-1,0,1.1,0.9,32
xfmr_ae300915_a,2,0x008c8b48_s.1,wye,0.24,75,1,0.004046666666666665,-1,0,1.1,0.9,32
xfmr_ae300916_a,1,0x008cf5d8.1,wye,7.2,75,1,0.003766666666666665,-1,0,1.1,0.9,32
xfmr_ae300916_a,2,0x008cf5d8_s.1,wye,0.24,75,1,0.003766666666666665,-1,0,1.1,0.9,32
xfmr_ae300917_a,1,0x008dc4e8.1,wye,7.2,75,1,0.00376,-1,0,1.1,0.9,32
xfmr_ae300917_a,2,0x008dc4e8_s.1,wye,0.24,75,1,0.00376,-1,0,1.1,0.9,32
xfmr_ae300918_a,1,0x008d2460.1,wye,7.2,75,1,0.004767333333333335,-1,0,1.1,0.9,32
xfmr_ae300918_a,2,0x008d2460_s.1,wye,0.24,75,1,0.004767333333333335,-1,0,1.1,0.9,32
xfmr_ae300919_a,1,0x008d5ed8.1,wye,7.2,50,1,0.0056471,-1,0,1.1,0.9,32
xfmr_ae300919_a,2,0x008d5ed8_s.1,wye,0.24,50,1,0.0056471,-1,0,1.1,0.9,32
xfmr_ae300920_a,1,0x008cd6e8.1,wye,7.2,75,1,0.004687333333333335,-1,0,1.1,0.9,32
xfmr_ae300920_a,2,0x008cd6e8_s.1,wye,0.24,75,1,0.004687333333333335,-1,0,1.1,0.9,32
xfmr_ae300921_b,1,0x008b8d10.2,wye,7.2,50,1,0.0055399,-1,0,1.1,0.9,32
xfmr_ae300921_b,2,0x008b8d10_s.2,wye,0.24,50,1,0.0055399,-1,0,1.1,0.9,32
xfmr_ae300922_b,1,0x008eb470.2,wye,7.2,50,1,0.004628,-1,0,1.1,0.9,32
xfmr_ae300922_b,2,0x008eb470_s.2,wye,0.24,50,1,0.004628,-1,0,1.1,0.9,32
xfmr_ae300923_b,1,0x008d5118.2,wye,7.2,50,1,0.0049145,-1,0,1.1,0.9,32
xfmr_ae300923_b,2,0x008d5118_s.2,wye,0.24,50,1,0.0049145,-1,0,1.1,0.9,32
xfmr_ae301003_c,1,0x008d82f0.3,wye,7.2,75,1,0.00388882291666667,-1,0,1.1,0.9,32
xfmr_ae301003_c,2,0x008d82f0_s.3,wye,0.24,75,1,0.00388882291666667,-1,0,1.1,0.9,32
xfmr_ae301004_c,1,0x00899528.3,wye,7.2,75,1,0.004176666666666665,-1,0,1.1,0.9,32
xfmr_ae301004_c,2,0x00899528_s.3,wye,0.24,75,1,0.004176666666666665,-1,0,1.1,0.9,32
xfmr_ae301005_c,1,0x008d6c98.3,wye,7.2,50,1,0.00339,-1,0,1.1,0.9,32
xfmr_ae301005_c,2,0x008d6c98_s.3,wye,0.24,50,1,0.00339,-1,0,1.1,0.9,32
xfmr_ae301006_c,1,0x008d7008.3,wye,7.2,50,1,0.004453402127659575,-1,0,1.1,0.9,32
xfmr_ae301006_c,2,0x008d7008_s.3,wye,0.24,50,1,0.004453402127659575,-1,0,1.1,0.9,32
xfmr_ae301007_c,1,0x008c93e0.3,wye,7.2,50,1,0.0036,-1,0,1.1,0.9,32
xfmr_ae301007_c,2,0x008c93e0_s.3,wye,0.24,50,1,0.0036,-1,0,1.1,0.9,32
xfmr_ae301008_c,1,0x008d8d40.3,wye,7.2,75,1,0.004238,-1,0,1.1,0.9,32
xfmr_ae301008_c,2,0x008d8d40_s.3,wye,0.24,75,1,0.004238,-1,0,1.1,0.9,32
xfmr_ae301009_c,1,0x008d78a0.3,wye,7.2,75,1,0.00388882291666667,-1,0,1.1,0.9,32
xfmr_ae301009_c,2,0x008d78a0_s.3,wye,0.24,75,1,0.00388882291666667,-1,0,1.1,0.9,32
xfmr_ae301010_c,1,0x008d7c10.3,wye,7.2,75,1,0.003666,-1,0,1.1,0.9,32
xfmr_ae301010_c,2,0x008d7c10_s.3,wye,0.24,75,1,0.003666,-1,0,1.1,0.9,32
xfmr_ae301011_c,1,0x008eb7e0.3,wye,7.2,50,1,0.003596,-1,0,1.1,0.9,32
xfmr_ae301011_c,2,0x008eb7e0_s.3,wye,0.24,50,1,0.003596,-1,0,1.1,0.9,32
xfmr_ae301016_a,1,0x008d8138.1,wye,7.2,50,1,0.004802,-1,0,1.1,0.9,32
xfmr_ae301016_a,2,0x008d8138_s.1,wye,0.24,50,1,0.004802,-1,0,1.1,0.9,32
xfmr_ae301017_a,1,0x008d89d0.1,wye,7.2,75,1,0.00411466666666667,-1,0,1.1,0.9,32
xfmr_ae301017_a,2,0x008d89d0_s.1,wye,0.24,75,1,0.00411466666666667,-1,0,1.1,0.9,32
xfmr_ae301018_a,1,0x008dec78.1,wye,7.2,75,1,0.004058666666666665,-1,0,1.1,0.9,32
xfmr_ae301018_a,2,0x008dec78_s.1,wye,0.24,75,1,0.004058666666666665,-1,0,1.1,0.9,32
xfmr_ae301019_a,1,0x008996e0.1,wye,7.2,50,1,0.00464,-1,0,1.1,0.9,32
xfmr_ae301019_a,2,0x008996e0_s.1,wye,0.24,50,1,0.00464,-1,0,1.1,0.9,32
xfmr_ae301020_a,1,0x008d9830.1,wye,7.2,50,1,0.004453402127659575,-1,0,1.1,0.9,32
xfmr_ae301020_a,2,0x008d9830_s.1,wye,0.24,50,1,0.004453402127659575,-1,0,1.1,0.9,32
xfmr_ae301021_a,1,0x008d9ba0.1,wye,7.2,50,1,0.00455,-1,0,1.1,0.9,32
xfmr_ae301021_a,2,0x008d9ba0_s.1,wye,0.24,50,1,0.00455,-1,0,1.1,0.9,32
xfmr_ae301022_c,1,0x008d08c0.3,wye,7.2,50,1,0.0036,-1,0,1.1,0.9,32
xfmr_ae301022_c,2,0x008d08c0_s.3,wye,0.24,50,1,0.0036,-1,0,1.1,0.9,32
xfmr_ae301517_c,1,0x008da438.3,wye,7.2,50,1,0.005741899999999999,-1,0,1.1,0.9,32
xfmr_ae301517_c,2,0x008da438_s.3,wye,0.24,50,1,0.005741899999999999,-1,0,1.1,0.9,32
xfmr_ae301518_c,1,0x008da960.3,wye,7.2,50,1,0.003369,-1,0,1.1,0.9,32
xfmr_ae301518_c,2,0x008da960_s.3,wye,0.24,50,1,0.003369,-1,0,1.1,0.9,32
xfmr_ae301519_c,1,0x008dacd0.3,wye,7.2,75,1,0.003253333333333335,-1,0,1.1,0.9,32
xfmr_ae301519_c,2,0x008dacd0_s.3,wye,0.24,75,1,0.003253333333333335,-1,0,1.1,0.9,32
xfmr_ae301520_a,1,0x008db568.1,wye,7.2,50,1,0.00337,-1,0,1.1,0.9,32
xfmr_ae301520_a,2,0x008db568_s.1,wye,0.24,50,1,0.00337,-1,0,1.1,0.9,32
xfmr_ae301521_a,1,0x008db040.1,wye,7.2,50,1,0.00468,-1,0,1.1,0.9,32
xfmr_ae301521_a,2,0x008db040_s.1,wye,0.24,50,1,0.00468,-1,0,1.1,0.9,32
xfmr_ae300247,1,0x008e6fb0,wye,12.47,225,1,0.003788333333333335,-1,0,1.1,0.9,32
xfmr_ae300247,2,0x008e6fb0_s,wye,0.208,225,1,0.003788333333333335,-1,0,1.1,0.9,32
xfmr_ae300250,1,0x008e7a00,wye,12.47,150,1,0.004393666666666666,-1,0,1.1,0.9,32
xfmr_ae300250,2,0x008e7a00_s,wye,0.208,150,1,0.004393666666666666,-1,0,1.1,0.9,32
xfmr_ae300322,1,0x0089e678,wye,12.47,300,1,0.003183,-1,0,1.1,0.9,32
xfmr_ae300322,2,0x0089e678_s,wye,0.208,300,1,0.003183,-1,0,1.1,0.9,32
xfmr_ae301090,1,0x008d3070,wye,12.47,750,1,0.003262,-1,0,1.1,0.9,32
xfmr_ae301090,2,0x008d3070_s,wye,0.48,750,1,0.003262,-1,0,1.1,0.9,32
